"MODEL           ","                "
"MAQUINA         ","MC#01   "
"INFORME         ","PLU         "
"FICHERO         ","FILE004"
"MODO            ","X   "
"CONTADOR ZETAS  ","0000"
"FECHA           ","2018-12-07"
"HORA            ","17:00"

"REGISTRO        ","DESCRIPTOR      ","CANTIDAD        ","IMPORTE         "
"0001","0.5 OZX100  ","0","0"
"0002","1OZX100     ","1","2,600"
"0003","1.5OZX100   ","0","0"
"0004","2.5OZX5100  ","0","0"
"0005","7TAMIX25    ","2","3,400"
"0006","9TAMIX25    ","0","0"
"0007","1CRISTX25   ","1","1,800"
"0008","3CRISTX12   ","0","0"
"0009","7CRISTX12   ","1","3,200"
"0010","9CRISTX12   ","0","0"
"0011","9CRISTX25   ","0","0"
"0012","12CRISTX12  ","0","0"
"0013","7COLORX12   ","1","2,300"
"0014","4ICOPORX20  ","0","0"
"0015","6ICOPORX20  ","3","4,500"
"0016","8ICOPORX20  ","0","0"
"0017","8ICOCON TX20","0","0"
"0018","0.5SAMBAX50 ","0","0"
"0019","1 SAMBAX50  ","0","0"
"0020","2 SAMBAX50  ","0","0"
"0021","3.5 IRISX50 ","9","14,400"
"0022","5.5 BICX50  ","2","3,200"
"0023","7 SAMBAX50  ","0","0"
"0024","9 SAMBAX50  ","2","5,200"
"0025","10 SAMBAX50 ","2","5,600"
"0026","12 SAMBAX50 ","0","0"
"0027","CAFE IRISX50","0","0"
"0028","CAFE BLCOX50","0","0"
"0029","7IRISX50    ","0","0"
"0030","4 SAMBAX25  ","2","2,400"
"0031","14 SAMBAX25 ","0","0"
"0032","16 SAMBAX25 ","0","0"
"0033","3.5WAUX50   ","0","0"
"0034","5 WAU X50   ","0","0"
"0035","7 WAU X50   ","8","12,000"
"0036","9 WAU X50   ","0","0"
"0037","10WAU X50   ","1","2,800"
"0038","12 WAU X50  ","0","0"
"0039","13 WAU X25  ","5","11,000"
"0040","14 WAU X25  ","0","0"
"0041","16 WAU X25  ","1","2,800"
"0042","4 ICO X25   ","0","0"
"0043","6 ICO X25   ","0","0"
"0044","8 ICO X20   ","0","0"
"0045","4 CARTB X50 ","0","0"
"0046","4 CARTIMPX50","1","4,200"
"0047","6 CARTBX50  ","0","0"
"0048","6 CARTIMPX50","0","0"
"0049","9 CARTIMPX40","0","0"
"0050","5 BLANCOX50 ","2","3,000"
"0051","5 COLORX50  ","2","2,600"
"0052","7 VACANX50  ","0","0"
"0053","9 VACANX50  ","1","2,600"
"0054","12 VACANX50 ","0","0"
"0055","7 TUCXJ0    ","0","0"
"0056","12 LITOX25  ","0","0"
"0057","PLAT 5OZX20 ","0","0"
"0058","PLAT 12OZX20","0","0"
"0059","PLAT 16OZX20","0","0"
"0060","PLAT 25OZX20","2","6,400"
"0061","PLAT 30OZX20","0","0"
"0062","PLA 15.5X20 ","8","9,600"
"0063","PLAT 18OZX20","0","0"
"0064","PLAT 20OZX20","0","0"
"0065","PLAT 23OZX20","5","13,000"
"0066","PLAT 26OZX20","0","0"
"0067","P15.5TAMX20 ","0","0"
"0068","PLT18TAMX20 ","0","0"
"0069","PLT23TAMX20 ","0","0"
"0070","PLT26TAMX20 ","0","0"
"0071","PLT3DVNE    ","0","0"
"0072","PLT15OZ NEG ","0","0"
"0073","PLT 12OZ NEG","0","0"
"0074","P15.5CLRX12 ","0","0"
"0075","PLT 16CRISX6","0","0"
"0076","PLT23CRISTX6","0","0"
"0077","PETTCUADX24 ","0","0"
"0078","PETTCUCHX24 ","0","0"
"0079","PETTVASOX24 ","0","0"
"0080","CON.4ICOPX20","0","0"
"0081","CON.8ICOX20 ","0","0"
"0082","CON.12ICOX20","0","0"
"0083","CON.16OZX20 ","1","6,000"
"0084","CON.24OZX20 ","0","0"
"0085","DELI 6OZX25 ","0","0"
"0086","DELI 8OZX25 ","0","0"
"0087","DELI12OZX25 ","0","0"
"0088","DFLI16OZX25 ","0","0"
"0089","DELI24OZX25 ","0","0"
"0090","DELI32OZX25 ","0","0"
"0091","BIO-C1      ","0","0"
"0092","BIO-P1      ","0","0"
"0093","PORTA-J1X20 ","0","0"
"0094","PORTA-J2X20 ","1","3,800"
"0095","PORTA-P1X20 ","0","0"
"0096","PORTA-P3X20 ","0","0"
"0097","B1 X50      ","0","0"
"0098","C1 X50      ","1","6,000"
"0099","BANDEJA1X50 ","0","0"
"0100","BAND.1-1X50 ","2","4,000"
"0101","BAND 17X50  ","0","0"
"0102","BAND 3X50   ","1","3,000"
"0103","BAND 4X50   ","0","0"
"0104","BAND 6X50   ","0","0"
"0105","BAND 7X50   ","0","0"
"0106","BAND 8X50   ","0","0"
"0107","BAND 25X25  ","0","0"
"0108","AIRPACKPERF ","0","0"
"0109","MIAMI 8"    ","0","0"
"0110","MINIPACK L  ","0","0"
"0111","MIAMI 9     ","0","0"
"0112","MINIPACK M  ","0","0"
"0113","MINIPACK S  ","0","0"
"0114","TRIANG.11-7 ","0","0"
"0115","TRIANG.11-5 ","0","0"
"0116","VEN.3OZX20  ","4","19,600"
"0117","VEN.5OZX20  ","0","0"
"0118","VEN.8OZX50  ","0","0"
"0119","VEN.8OZX20  ","0","0"
"0120","SELLOPLUS 8 ","0","0"
"0121","SELLOPLUS8AL","0","0"
"0122","SELLOPLUS12 ","0","0"
"0123","SELLOPLUS16 ","0","0"
"0124","SFLLOPLUS 24","5","3,000"
"0125","SELLOPLUS32 ","0","0"
"0126","SELLOPLUS48 ","0","0"
"0127","SELLOPLUS64 ","0","0"
"0128","ALUMN 7MTS  ","0","0"
"0129","ALUMN 16MTS ","0","0"
"0130","ALUM 40MTS  ","1","8,900"
"0131","VINIPEL20MTS","0","0"
"0132","VINIPEL50MTS","0","0"
"0133","VINIPE100MTS","0","0"
"0134","VINIPE200MTS","0","0"
"0135","VINIPE300MTS","0","0"
"0136","VINIPE500MTS","0","0"
"0137","BOLSA1,5KL  ","4","6,400"
"0138","BOLSA 2KL   ","3","5,700"
"0139","BOLSA 3KL   ","5","12,500"
"0140","BOLSA 5KL   ","8","27,200"
"0141","BOLSA 10KL  ","1","4,500"
"0142","BOLSA 15KL  ","9","45,900"
"0143","BOLSA 20KL  ","3","19,500"
"0144","BOLSA 25KL  ","0","0"
"0145","BOLSA 30KL  ","2","19,000"
"0146","R17         ","0","0"
"0147","R19         ","0","0"
"0148","R21         ","0","0"
"0149","R22         ","0","0"
"0150","R23         ","0","0"
"0151","R25         ","0","0"
"0152","R35         ","0","0"
"0153","PIZZA       ","0","0"
"0154","BOLSA CUB   ","0","0"
"0155","BOLSA 1/2   ","7","5,600"
"0156","BOLSA 1LB   ","21","23,100"
"0157","BOLA 6X11   ","2","3,200"
"0158","BOLSA 6X14  ","0","0"
"0159","BOLSA 6X16  ","0","0"
"0160","BOLSA 7X10  ","1","1,600"
"0161","BOLSA 7X12  ","0","0"
"0162","BOLSA 7X14  ","0","0"
"0163","BOLSA 7X16  ","0","0"
"0164","BOLSA 8X12  ","0","0"
"0165","BOLSA 8X14  ","0","0"
"0166","BOLSA 8X16  ","0","0"
"0167","BOLSA 9X14  ","0","0"
"0168","BOLSA 10X16 ","0","0"
"0169","BOLSA 12X16 ","0","0"
"0170","BOLSA 12X18 ","0","0"
"0171","BOLSA 14X20 ","0","0"
"0172","BOLSA 16X24 ","0","0"
"0173","LECHOSA 1/2 ","0","0"
"0174","LECHOSA 1LB ","0","0"
"0175","LECHOSA7X10 ","1","1,800"
"0176","LECHOSA 8X12","0","0"
"0177","LECHOSA 9X14","1","2,500"
"0178","LECHOSA10X16","0","0"
"0179","LECHOSA12X16","0","0"
"0180","LECHOSA12X18","0","0"
"0181","LECHOSA14X20","1","5,000"
"0182","LECHOSA16X24","0","0"
"0183","CLB  5X9    ","3","7,500"
"0184","CLB 6X11    ","0","0"
"0185","CLB 12X18   ","0","0"
"0186","CH 4X3      ","1","2,400"
"0187","CH 5X6      ","0","0"
"0188","CH 6X9      ","0","0"
"0189","CH 8X10     ","0","0"
"0190","CH 8X14     ","0","0"
"0191","CH 10X14    ","0","0"
"0192","CH 12X14    ","0","0"
"0193","CH 14X14    ","0","0"
"0194","CH 14X18    ","0","0"
"0195","CH 14X22    ","0","0"
"0196","CH 15X20    ","0","0"
"0197","CH 18X22    ","0","0"
"0198","CH 20X24    ","0","0"
"0199","CH 20X30    ","0","0"
"0200","CH 25X36    ","1","26,000"
"0201","CH 30X40    ","0","0"
"0202","KRAFT 1/2   ","0","0"
"0203","KRAFT 1     ","2","3,600"
"0204","KRAFT 2     ","0","0"
"0205","KRAFT 3     ","0","0"
"0206","KRAFT 4     ","0","0"
"0207","KRAFT 6     ","0","0"
"0208","KRAFT 12    ","0","0"
"0209","KRAFT 25    ","0","0"
"0210","TIPO DX7    ","0","0"
"0211","TIPO CX7    ","1","2,200"
"0212","TIPO A1X7   ","4","12,800"
"0213","TIPO AX7    ","0","0"
"0214","TIPO BX7    ","0","0"
"0215","TIPO EX7    ","0","0"
"0216","TIPO E2X7   ","3","24,000"
"0217","A1X7BLCA    ","0","0"
"0218","B1X7BLACA   ","0","0"
"0219","E2X7BLCA    ","2","17,000"
"0220","40X60X7     ","0","0"
"0221","65X85X7     ","0","0"
"0222","1X120X5NEG29","1","5,500"
"0223","1X120X25COLR","1","6,500"
"0224","C/ITATAMI100","1","1,800"
"0225","C/ITAROJA100","0","0"
"0226","C/ITAAZUL100","0","0"
"0227","TENE BCOX100","0","0"
"0228","TEN ROJOX100","0","0"
"0229","TEN AZULX100","0","0"
"0230","CU BLCAX100 ","0","0"
"0231","TENE BCOX100","0","0"
"0232","CU BCOX100  ","0","0"
"0233","TEN BCOX20  ","0","0"
"0234","CU BLCOX20  ","0","0"
"0235","CUCHA BCOX20","0","0"
"0236","C/ITACRISX20","0","0"
"0237","TEN CRISX100","0","0"
"0238","CU CRISX100 ","0","0"
"0239","CU CRISX100 ","0","0"
"0240","TEN CRISX20 ","0","0"
"0241","CU CRISX20  ","0","0"
"0242","CU CRISX20  ","0","0"
"0243","TEN COLORX20","0","0"
"0244","CU COLORX20 ","0","0"
"0245","CU COLORX20 ","0","0"
"0246","C/ITAPSMX100","11","25,300"
"0247","CU PSMX100  ","1","3,500"
"0248","TEN PSMX100 ","3","10,500"
"0249","CU PSMX100  ","0","0"
"0250","TEN PSMX20  ","0","0"
"0251","C/LLOPSMX20 ","0","0"
"0252","CU PSMX20   ","0","0"
"0253","TE RUMBAX10 ","0","0"
"0254","C/RA RUMBX10","0","0"
"0255","C/LLORUMBX10","0","0"
"0256","PLATO12CX20 ","0","0"
"0257","TARRO PEQUE ","0","0"
"0258","TARRO GRANDE","0","0"
"0259","DOMCIRC33X12","0","0"
"0260","DOMALTV28X12","1","2,200"
"0261","BAS34X145X12","0","0"
"0262","B.RE21X16X12","0","0"
"0263","D.No6 B.No17","0","0"
"0264","D.No6 B.25  ","0","0"
"0265","DBL USO TAPA","13","3,900"
"0266","BAREC20.5X12","0","0"
"0267","D.No3C B.No1","0","0"
"0268","T WISE      ","0","0"
"0269","CORA ZONE P ","0","0"
"0270","CORAZONE GDS","0","0"
"0271","BA CIRBU17X6","0","0"
"0272","DNo6 BAU.No3","0","0"
"0273","D PLAT 12OZ ","0","0"
"0274","CON ALT 24OZ","0","0"
"0275","DOM PLAT23OZ","0","0"
"0276","DOM PLA3DIV ","0","0"
"0277","FLIPACK PEQ ","0","0"
"0278","FLIPACK GDE ","0","0"
"0279","DOMCIR25.5X5","0","0"
"0280","DOM PLAT15.5","0","0"
"0281","CONTEN PARIS","0","0"
"0282","ENSA FRUTX25","0","0"
"0283","BANANERASX15","0","0"
"0284","SOBRE COPA  ","0","0"
"0285","VS 30OZRMX12","0","0"
"0286","CP VIN RMX8 ","0","0"
"0287","COPAPREMIX12","0","0"
"0288","COPA VINX20 ","0","0"
"0289","TOALLA NATUR","0","0"
"0290","TOALLA B/CO ","0","0"
"0291","WPALL X 70  ","0","0"
"0292","WPALL X80   ","0","0"
"0293","FAVORITA 320","10","22,000"
"0294","TISSY X100  ","0","0"
"0295","FAM DECX100 ","1","3,500"
"0296","CAFETE X100 ","0","0"
"0297","1 A 1 X100  ","0","0"
"0298","SUAVEGOLDX40","0","0"
"0299","SUAVEGOLX200","0","0"
"0300","FAMILIAX450 ","1","3,400"
"0301","TOALL COLTI ","0","0"
"0302","MULTIUSOSX2 ","0","0"
"0303","PRACTIDIAX2 ","0","0"
"0304","ACOLCHAMASX1","0","0"
"0305","PINCHO15X100","0","0"
"0306","PINCHO20X100","0","0"
"0307","PINCHO25X100","0","0"
"0308","PIN/ZO25X100","0","0"
"0309","PIN/ZO30X100","0","0"
"0310","PALILLO PAND","3","1,800"
"0311","PALILLO BB  ","0","0"
"0312","PALILLO COCT","0","0"
"0313","FOSFOROX2   ","0","0"
"0314","PALOPALEX100","0","0"
"0315","LASA¥A 6 OZ ","0","0"
"0316","MOLDE 24OZ  ","0","0"
"0317","MOLDE 28 OZ ","0","0"
"0318","JUNIOR      ","0","0"
"0319","LECHE ASADA ","0","0"
"0320","MUFFIS P    ","0","0"
"0321","MUFF CON TAP","0","0"
"0322","MOLDE MUFFIS","0","0"
"0323","MEZCLA CAJA ","0","0"
"0324","CA PITI 73/4","0","0"
"0325","PITILLO NEON","0","0"
"0326","PITILLO CART","0","0"
"0327","PITILLO ECO ","0","0"
"0328","PITI CA ECO ","0","0"
"0329","PITILLOBOLSA","0","0"
"0330","MEZCLADOR   ","0","0"
"0331","MEZCLADOR   ","0","0"
"0332","BM 020      ","0","0"
"0333","BM 030      ","0","0"
"0334","BM 040      ","0","0"
"0335","BM 045      ","0","0"
"0336","BM 055      ","0","0"
"0337","MOLDE OND   ","0","0"
"0338","BM 070      ","0","0"
"0339","BM 100      ","0","0"
"0340","2 OZX100 AC ","0","0"
"0341","4 OZX50 AC  ","0","0"
"0342","9 OZX50 AC  ","0","0"
"0343","14 OZX50 AC ","0","0"
"0344","0.5 X100 AJ ","0","0"
"0345","1 1/2 X100AJ","0","0"
"0346","7 OZ X50 AJ ","0","0"
"0347","9 OZX50 AJ  ","0","0"
"0348","3.5 OZX50WAW","0","0"
"0349","9OZX50 WAW  ","1","3,000"
"0350","14OZX50 WAW ","0","0"
"0351"," 3.5 X6     ","0","0"
"0352"," 5X10       ","0","0"
"0353","  6X15      ","0","0"
"0354","   8X15     ","0","0"
"0355","  10X15     ","0","0"
"0356","   9X20     ","0","0"
"0357","  13X20     ","0","0"
"0358","  17X19     ","0","0"
"0359","   15X30    ","0","0"
"0360","  20X30     ","0","0"
"0361","TRANS12.5ANT","0","0"
"0362","TRANS15CMANT","1","11,000"
"0363","TRANS30CMANT","0","0"
"0364","TRANS45CMANT","0","0"
"0365","TRANS50CMANT","0","0"
"0366","TRANS25CMDIS","0","0"
"0367","TRANS50CMDIS","0","0"
"0368","TRANS50CMDIS","2","64,000"
"0369","NEG20 25CMAN","0","0"
"0370","NEG20 50CMAN","0","0"
"0371","NEG20 25CMDI","0","0"
"0372","NEG20 50CMDI","0","0"
"0373","CLB12X400MTS","0","0"
"0374","CLB312X500MT","0","0"
"0375","CLB312X900MT","0","0"
"0376","CLB312X1000M","0","0"
"0377","CLB312X2000M","0","0"
"0378","CLB512X1000M","0","0"
"0379","CLB512X2000M","0","0"
"0380","GRAPA       ","1","7,500"
"0381","CINPEL20X500","0","0"
"0382","PNC3AMA24X50","0","0"
"0383","C3AMA 48X50 ","0","0"
"0384","C3AMA 72X50 ","0","0"
"0385","C3AMA 96X50 ","0","0"
"0386","POLI12X20 CO","0","0"
"0387","12X50 COL   ","0","0"
"0388","24X100 COL  ","0","0"
"0389","48X100 COL  ","0","0"
"0390","36X100 COL  ","0","0"
"0391","60X100 COL  ","0","0"
"0392","48X200 COL  ","0","0"
"0393","72X100      ","0","0"
"0394","96X50       ","0","0"
"0395","12X100 CLR  ","0","0"
"0396","24X100      ","0","0"
"0397","48X100 BCA  ","0","0"
"0398","48X100 AMA  ","0","0"
"0399","48X100 ROJO ","0","0"
"0400","48X100 VERDE","0","0"
"0401","48X100 AZUL ","0","0"
"0402","72X100 VERDE","0","0"
"0403","48X50 P     ","0","0"
"0404","48X100 P    ","0","0"
"0405","48X200 P    ","0","0"
"0406","72X100 P    ","0","0"
"0407","48X100 CA P ","0","0"
"0408","24X100 WA   ","0","0"
"0409","48X100 WA   ","1","4,000"
"0410","72X100 WA   ","0","0"
"0411","96X100 WA   ","0","0"
"0412","53380 48X100","0","0"
"0413","53380 24X100","0","0"
"0414","53380 48X200","0","0"
"0415","12X20 COLBON","0","0"
"0416","12X24 COLBON","0","0"
"0417","18X40 COLBON","0","0"
"0418","24X40 COLBON","0","0"
"0419","48X40 COLBON","0","0"
"0420","12X40 T4319 ","0","0"
"0421","18X40 T4349 ","0","0"
"0422","24X40 T4349 ","0","0"
"0423","48X40 T4349 ","0","0"
"0424","12X40 3MF3  ","0","0"
"0425","18X40 3M3F  ","0","0"
"0426","24X40 3M3F  ","0","0"
"0427","36X40 3M3F  ","0","0"
"0428","48X40 3M3F  ","0","0"
"0429","12X55 VERDE ","0","0"
"0430","24X55 VERDE ","0","0"
"0431","48X55 VERDE ","0","0"
"0432","101+18X40   ","0","0"
"0433","101+24X40   ","0","0"
"0434","6MX40M      ","0","0"
"0435","4965CDBL6X50","0","0"
"0436","4965 12X50  ","0","0"
"0437","4965 18X50  ","0","0"
"0438","4965 25X50  ","0","0"
"0439","SOCO 12X50  ","0","0"
"0440","SOCO 18X50  ","0","0"
"0441","SOCO 12X5   ","0","0"
"0442","SOCO 18X5   ","0","0"
"0443","SOCO 24X50  ","0","0"
"0444","4957 12X25  ","0","0"
"0445","4957 18X25  ","0","0"
"0446","603  12X25  ","0","0"
"0447","603  18X25  ","0","0"
"0448","TESA  12X25 ","0","0"
"0449","SOCO  12X5  ","0","0"
"0450","SOCO  18X5  ","0","0"
"0451","FANTAPE12X50","0","0"
"0452","TISSUSO12X50","0","0"
"0453","TISSUSO24X50","0","0"
"0454","56389EP50X50","0","0"
"0455","4663PRO50X48","0","0"
"0456","56389 50X25 ","0","0"
"0457","GRIS 48X10  ","0","0"
"0458","ROJO 48X30  ","0","0"
"0459","VERDE 24X50 ","0","0"
"0460","VERDE 48X50 ","0","0"
"0461","NEGRA 48X50 ","0","0"
"0462","AMARILL48X30","0","0"
"0463","AMARILL72X33","0","0"
"0464","BLANCO 48X33","0","0"
"0465","IMPRESA12X1 ","0","0"
"0466","DISPESAD 2  ","0","0"
"0467","DISPENSA 3  ","0","0"
"0468","12X150 SOCO ","0","0"
"0469","12X200 TESA ","0","0"
"0470","ROJO 12X200 ","0","0"
"0471","AMARI 12X200","0","0"
"0472","ROJO 12X200 ","0","0"
"0473","AZUL 12X200 ","0","0"
"0474","48X5 NEGRA  ","0","0"
"0475","FOTO 50X25NG","0","0"
"0476","8X12        ","0","0"
"0477","7X15        ","0","0"
"0478","9X15        ","0","0"
"0479","20X25       ","0","0"
"0480","18X30       ","0","0"
"0481","850 CM      ","0","0"
"0482","120CM       ","0","0"
"0483","2 LITROS    ","0","0"
"0484","4 LITROS    ","0","0"
"0485","7 LITROS    ","0","0"
"0486","10 LITROS   ","1","11,000"
"0487","20 LITROS   ","0","0"
"0488","40 LITROS   ","0","0"
"0489","ENCENDEDOR  ","0","0"
"0490","BASE CAFETER","0","0"
"0491","VINIPEL6X200","0","0"
"0492","TRAN1.50CLB4","2","12,000"
"0493","NEO 1.50CLB4","0","0"
"0494","RECU1.50CLB4","0","0"
"0495","GRANDE 150  ","0","0"
"0496","PEQUE¥A 150 ","4","5,200"
"0497","1.20 METROS ","2","3,800"
"0498","1.30 METROS ","0","0"
"0499","GUANTE      ","1","1,000"
"0500","TAPABOCAX50 ","0","0"
"0501","GORROX50    ","0","0"
"0502","TAPABOCAX1  ","1","500"
"0503","GORROX1     ","1","500"
"0504","PH ECO      ","0","0"
"0505","PH B/CO     ","0","0"
"0506","COLBON MADER","0","0"
"0507","PEGA STICK  ","0","0"
"0508","CIN A NEGRA ","0","0"
"0509","CIN A BLANCA","0","0"
"0510","CIN A COLOR ","0","0"
"0511","PLU0511     ","0","0"
"0512","PLU0512     ","0","0"
"0513","PLU0513     ","0","0"
"0514","PLU0514     ","0","0"
"0515","PLU0515     ","0","0"
"0516","PLU0516     ","0","0"
"0517","PLU0517     ","0","0"
"0518","PLU0518     ","0","0"
"0519","PLU0519     ","0","0"
"0520","PLU0520     ","0","0"
"0521","PLU0521     ","0","0"
"0522","PLU0522     ","0","0"
"0523","PLU0523     ","0","0"
"0524","PLU0524     ","0","0"
"0525","PLU0525     ","0","0"
"0526","PLU0526     ","0","0"
"0527","PLU0527     ","0","0"
"0528","PLU0528     ","0","0"
"0529","PLU0529     ","0","0"
"0530","PLU0530     ","0","0"
"0531","PLU0531     ","0","0"
"0532","PLU0532     ","0","0"
"0533","PLU0533     ","0","0"
"0534","PLU0534     ","0","0"
"0535","PLU0535     ","0","0"
"0536","PLU0536     ","0","0"
"0537","PLU0537     ","0","0"
"0538","PLU0538     ","0","0"
"0539","PLU0539     ","0","0"
"0540","PLU0540     ","0","0"
"0541","PLU0541     ","0","0"
"0542","PLU0542     ","0","0"
"0543","PLU0543     ","0","0"
"0544","PLU0544     ","0","0"
"0545","PLU0545     ","0","0"
"0546","PLU0546     ","0","0"
"0547","PLU0547     ","0","0"
"0548","PLU0548     ","0","0"
"0549","PLU0549     ","0","0"
"0550","PLU0550     ","0","0"
"0551","PLU0551     ","0","0"
"0552","PLU0552     ","0","0"
"0553","PLU0553     ","0","0"
"0554","PLU0554     ","0","0"
"0555","PLU0555     ","0","0"
"0556","PLU0556     ","0","0"
"0557","PLU0557     ","0","0"
"0558","PLU0558     ","0","0"
"0559","PLU0559     ","0","0"
"0560","PLU0560     ","0","0"
"0561","PLU0561     ","0","0"
"0562","PLU0562     ","0","0"
"0563","PLU0563     ","0","0"
"0564","PLU0564     ","0","0"
"0565","PLU0565     ","0","0"
"0566","PLU0566     ","0","0"
"0567","PLU0567     ","0","0"
"0568","PLU0568     ","0","0"
"0569","PLU0569     ","0","0"
"0570","PLU0570     ","0","0"
"0571","PLU0571     ","0","0"
"0572","PLU0572     ","0","0"
"0573","PLU0573     ","0","0"
"0574","PLU0574     ","0","0"
"0575","PLU0575     ","0","0"
"0576","PLU0576     ","0","0"
"0577","PLU0577     ","0","0"
"0578","PLU0578     ","0","0"
"0579","PLU0579     ","0","0"
"0580","PLU0580     ","0","0"
"0581","PLU0581     ","0","0"
"0582","PLU0582     ","0","0"
"0583","PLU0583     ","0","0"
"0584","PLU0584     ","0","0"
"0585","PLU0585     ","0","0"
"0586","PLU0586     ","0","0"
"0587","PLU0587     ","0","0"
"0588","PLU0588     ","0","0"
"0589","PLU0589     ","0","0"
"0590","PLU0590     ","0","0"
"0591","PLU0591     ","0","0"
"0592","PLU0592     ","0","0"
"0593","PLU0593     ","0","0"
"0594","PLU0594     ","0","0"
"0595","PLU0595     ","0","0"
"0596","PLU0596     ","0","0"
"0597","PLU0597     ","0","0"
"0598","PLU0598     ","0","0"
"0599","PLU0599     ","0","0"
"0600","PLU0600     ","0","0"
"0601","PLU0601     ","0","0"
"0602","PLU0602     ","0","0"
"0603","PLU0603     ","0","0"
"0604","PLU0604     ","0","0"
"0605","PLU0605     ","0","0"
"0606","PLU0606     ","0","0"
"0607","PLU0607     ","0","0"
"0608","PLU0608     ","0","0"
"0609","PLU0609     ","0","0"
"0610","PLU0610     ","0","0"
"0611","PLU0611     ","0","0"
"0612","PLU0612     ","0","0"
"0613","PLU0613     ","0","0"
"0614","PLU0614     ","0","0"
"0615","PLU0615     ","0","0"
"0616","PLU0616     ","0","0"
"0617","PLU0617     ","0","0"
"0618","PLU0618     ","0","0"
"0619","PLU0619     ","0","0"
"0620","PLU0620     ","0","0"
"0621","PLU0621     ","0","0"
"0622","PLU0622     ","0","0"
"0623","PLU0623     ","0","0"
"0624","PLU0624     ","0","0"
"0625","PLU0625     ","0","0"
"0626","PLU0626     ","0","0"
"0627","PLU0627     ","0","0"
"0628","PLU0628     ","0","0"
"0629","PLU0629     ","0","0"
"0630","PLU0630     ","0","0"
"0631","PLU0631     ","0","0"
"0632","PLU0632     ","0","0"
"0633","PLU0633     ","0","0"
"0634","PLU0634     ","0","0"
"0635","PLU0635     ","0","0"
"0636","PLU0636     ","0","0"
"0637","PLU0637     ","0","0"
"0638","PLU0638     ","0","0"
"0639","PLU0639     ","0","0"
"0640","PLU0640     ","0","0"
"0641","PLU0641     ","0","0"
"0642","PLU0642     ","0","0"
"0643","PLU0643     ","0","0"
"0644","PLU0644     ","0","0"
"0645","PLU0645     ","0","0"
"0646","PLU0646     ","0","0"
"0647","PLU0647     ","0","0"
"0648","PLU0648     ","0","0"
"0649","PLU0649     ","0","0"
"0650","PLU0650     ","0","0"
"0651","PLU0651     ","0","0"
"0652","PLU0652     ","0","0"
"0653","PLU0653     ","0","0"
"0654","PLU0654     ","0","0"
"0655","PLU0655     ","0","0"
"0656","PLU0656     ","0","0"
"0657","PLU0657     ","0","0"
"0658","PLU0658     ","0","0"
"0659","PLU0659     ","0","0"
"0660","PLU0660     ","0","0"
"0661","PLU0661     ","0","0"
"0662","PLU0662     ","0","0"
"0663","PLU0663     ","0","0"
"0664","PLU0664     ","0","0"
"0665","PLU0665     ","0","0"
"0666","PLU0666     ","0","0"
"0667","PLU0667     ","0","0"
"0668","PLU0668     ","0","0"
"0669","PLU0669     ","0","0"
"0670","PLU0670     ","0","0"
"0671","PLU0671     ","0","0"
"0672","PLU0672     ","0","0"
"0673","PLU0673     ","0","0"
"0674","PLU0674     ","0","0"
"0675","PLU0675     ","0","0"
"0676","PLU0676     ","0","0"
"0677","PLU0677     ","0","0"
"0678","PLU0678     ","0","0"
"0679","PLU0679     ","0","0"
"0680","PLU0680     ","0","0"
"0681","PLU0681     ","0","0"
"0682","PLU0682     ","0","0"
"0683","PLU0683     ","0","0"
"0684","PLU0684     ","0","0"
"0685","PLU0685     ","0","0"
"0686","PLU0686     ","0","0"
"0687","PLU0687     ","0","0"
"0688","PLU0688     ","0","0"
"0689","PLU0689     ","0","0"
"0690","PLU0690     ","0","0"
"0691","PLU0691     ","0","0"
"0692","PLU0692     ","0","0"
"0693","PLU0693     ","0","0"
"0694","PLU0694     ","0","0"
"0695","PLU0695     ","0","0"
"0696","PLU0696     ","0","0"
"0697","PLU0697     ","0","0"
"0698","PLU0698     ","0","0"
"0699","PLU0699     ","0","0"
"0700","PLU0700     ","0","0"
"0701","PLU0701     ","0","0"
"0702","PLU0702     ","0","0"
"0703","PLU0703     ","0","0"
"0704","PLU0704     ","0","0"
"0705","PLU0705     ","0","0"
"0706","PLU0706     ","0","0"
"0707","PLU0707     ","0","0"
"0708","PLU0708     ","0","0"
"0709","PLU0709     ","0","0"
"0710","PLU0710     ","0","0"
"0711","PLU0711     ","0","0"
"0712","PLU0712     ","0","0"
"0713","PLU0713     ","0","0"
"0714","PLU0714     ","0","0"
"0715","PLU0715     ","0","0"
"0716","PLU0716     ","0","0"
"0717","PLU0717     ","0","0"
"0718","PLU0718     ","0","0"
"0719","PLU0719     ","0","0"
"0720","PLU0720     ","0","0"
"0721","PLU0721     ","0","0"
"0722","PLU0722     ","0","0"
"0723","PLU0723     ","0","0"
"0724","PLU0724     ","0","0"
"0725","PLU0725     ","0","0"
"0726","PLU0726     ","0","0"
"0727","PLU0727     ","0","0"
"0728","PLU0728     ","0","0"
"0729","PLU0729     ","0","0"
"0730","PLU0730     ","0","0"
"0731","PLU0731     ","0","0"
"0732","PLU0732     ","0","0"
"0733","PLU0733     ","0","0"
"0734","PLU0734     ","0","0"
"0735","PLU0735     ","0","0"
"0736","PLU0736     ","0","0"
"0737","PLU0737     ","0","0"
"0738","PLU0738     ","0","0"
"0739","PLU0739     ","0","0"
"0740","PLU0740     ","0","0"
"0741","PLU0741     ","0","0"
"0742","PLU0742     ","0","0"
"0743","PLU0743     ","0","0"
"0744","PLU0744     ","0","0"
"0745","PLU0745     ","0","0"
"0746","PLU0746     ","0","0"
"0747","PLU0747     ","0","0"
"0748","PLU0748     ","0","0"
"0749","PLU0749     ","0","0"
"0750","PLU0750     ","0","0"
"0751","PLU0751     ","0","0"
"0752","PLU0752     ","0","0"
"0753","PLU0753     ","0","0"
"0754","PLU0754     ","0","0"
"0755","PLU0755     ","0","0"
"0756","PLU0756     ","0","0"
"0757","PLU0757     ","0","0"
"0758","PLU0758     ","0","0"
"0759","PLU0759     ","0","0"
"0760","PLU0760     ","0","0"
"0761","PLU0761     ","0","0"
"0762","PLU0762     ","0","0"
"0763","PLU0763     ","0","0"
"0764","PLU0764     ","0","0"
"0765","PLU0765     ","0","0"
"0766","PLU0766     ","0","0"
"0767","PLU0767     ","0","0"
"0768","PLU0768     ","0","0"
"0769","PLU0769     ","0","0"
"0770","PLU0770     ","0","0"
"0771","PLU0771     ","0","0"
"0772","PLU0772     ","0","0"
"0773","PLU0773     ","0","0"
"0774","PLU0774     ","0","0"
"0775","PLU0775     ","0","0"
"0776","PLU0776     ","0","0"
"0777","PLU0777     ","0","0"
"0778","PLU0778     ","0","0"
"0779","PLU0779     ","0","0"
"0780","PLU0780     ","0","0"
"0781","PLU0781     ","0","0"
"0782","PLU0782     ","0","0"
"0783","PLU0783     ","0","0"
"0784","PLU0784     ","0","0"
"0785","PLU0785     ","0","0"
"0786","PLU0786     ","0","0"
"0787","PLU0787     ","0","0"
"0788","PLU0788     ","0","0"
"0789","PLU0789     ","0","0"
"0790","PLU0790     ","0","0"
"0791","PLU0791     ","0","0"
"0792","PLU0792     ","0","0"
"0793","PLU0793     ","0","0"
"0794","PLU0794     ","0","0"
"0795","PLU0795     ","0","0"
"0796","PLU0796     ","0","0"
"0797","PLU0797     ","0","0"
"0798","PLU0798     ","0","0"
"0799","PLU0799     ","0","0"
"0800","PLU0800     ","0","0"
"0801","PLU0801     ","0","0"
"0802","PLU0802     ","0","0"
"0803","PLU0803     ","0","0"
"0804","PLU0804     ","0","0"
"0805","PLU0805     ","0","0"
"0806","PLU0806     ","0","0"
"0807","PLU0807     ","0","0"
"0808","PLU0808     ","0","0"
"0809","PLU0809     ","0","0"
"0810","PLU0810     ","0","0"
"0811","PLU0811     ","0","0"
"0812","PLU0812     ","0","0"
"0813","PLU0813     ","0","0"
"0814","PLU0814     ","0","0"
"0815","PLU0815     ","0","0"
"0816","PLU0816     ","0","0"
"0817","PLU0817     ","0","0"
"0818","PLU0818     ","0","0"
"0819","PLU0819     ","0","0"
"0820","PLU0820     ","0","0"
"0821","PLU0821     ","0","0"
"0822","PLU0822     ","0","0"
"0823","PLU0823     ","0","0"
"0824","PLU0824     ","0","0"
"0825","PLU0825     ","0","0"
"0826","PLU0826     ","0","0"
"0827","PLU0827     ","0","0"
"0828","PLU0828     ","0","0"
"0829","PLU0829     ","0","0"
"0830","PLU0830     ","0","0"
"0831","PLU0831     ","0","0"
"0832","PLU0832     ","0","0"
"0833","PLU0833     ","0","0"
"0834","PLU0834     ","0","0"
"0835","PLU0835     ","0","0"
"0836","PLU0836     ","0","0"
"0837","PLU0837     ","0","0"
"0838","PLU0838     ","0","0"
"0839","PLU0839     ","0","0"
"0840","PLU0840     ","0","0"
"0841","PLU0841     ","0","0"
"0842","PLU0842     ","0","0"
"0843","PLU0843     ","0","0"
"0844","PLU0844     ","0","0"
"0845","PLU0845     ","0","0"
"0846","PLU0846     ","0","0"
"0847","PLU0847     ","0","0"
"0848","PLU0848     ","0","0"
"0849","PLU0849     ","0","0"
"0850","PLU0850     ","0","0"
"0851","PLU0851     ","0","0"
"0852","PLU0852     ","0","0"
"0853","PLU0853     ","0","0"
"0854","PLU0854     ","0","0"
"0855","PLU0855     ","0","0"
"0856","PLU0856     ","0","0"
"0857","PLU0857     ","0","0"
"0858","PLU0858     ","0","0"
"0859","PLU0859     ","0","0"
"0860","PLU0860     ","0","0"
"0861","PLU0861     ","0","0"
"0862","PLU0862     ","0","0"
"0863","PLU0863     ","0","0"
"0864","PLU0864     ","0","0"
"0865","PLU0865     ","0","0"
"0866","PLU0866     ","0","0"
"0867","PLU0867     ","0","0"
"0868","PLU0868     ","0","0"
"0869","PLU0869     ","0","0"
"0870","PLU0870     ","0","0"
"0871","PLU0871     ","0","0"
"0872","PLU0872     ","0","0"
"0873","PLU0873     ","0","0"
"0874","PLU0874     ","0","0"
"0875","PLU0875     ","0","0"
"0876","PLU0876     ","0","0"
"0877","PLU0877     ","0","0"
"0878","PLU0878     ","0","0"
"0879","PLU0879     ","0","0"
"0880","PLU0880     ","0","0"
"0881","PLU0881     ","0","0"
"0882","PLU0882     ","0","0"
"0883","PLU0883     ","0","0"
"0884","PLU0884     ","0","0"
"0885","PLU0885     ","0","0"
"0886","PLU0886     ","0","0"
"0887","PLU0887     ","0","0"
"0888","PLU0888     ","0","0"
"0889","PLU0889     ","0","0"
"0890","PLU0890     ","0","0"
"0891","PLU0891     ","0","0"
"0892","PLU0892     ","0","0"
"0893","PLU0893     ","0","0"
"0894","PLU0894     ","0","0"
"0895","PLU0895     ","0","0"
"0896","PLU0896     ","0","0"
"0897","PLU0897     ","0","0"
"0898","PLU0898     ","0","0"
"0899","PLU0899     ","0","0"
"0900","PLU0900     ","0","0"
"0901","PLU0901     ","0","0"
"0902","PLU0902     ","0","0"
"0903","PLU0903     ","0","0"
"0904","PLU0904     ","0","0"
"0905","PLU0905     ","0","0"
"0906","PLU0906     ","0","0"
"0907","PLU0907     ","0","0"
"0908","PLU0908     ","0","0"
"0909","PLU0909     ","0","0"
"0910","PLU0910     ","0","0"
"0911","PLU0911     ","0","0"
"0912","PLU0912     ","0","0"
"0913","PLU0913     ","0","0"
"0914","PLU0914     ","0","0"
"0915","PLU0915     ","0","0"
"0916","PLU0916     ","0","0"
"0917","PLU0917     ","0","0"
"0918","PLU0918     ","0","0"
"0919","PLU0919     ","0","0"
"0920","PLU0920     ","0","0"
"0921","PLU0921     ","0","0"
"0922","PLU0922     ","0","0"
"0923","PLU0923     ","0","0"
"0924","PLU0924     ","0","0"
"0925","PLU0925     ","0","0"
"0926","PLU0926     ","0","0"
"0927","PLU0927     ","0","0"
"0928","PLU0928     ","0","0"
"0929","PLU0929     ","0","0"
"0930","PLU0930     ","0","0"
"0931","PLU0931     ","0","0"
"0932","PLU0932     ","0","0"
"0933","PLU0933     ","0","0"
"0934","PLU0934     ","0","0"
"0935","PLU0935     ","0","0"
"0936","PLU0936     ","0","0"
"0937","PLU0937     ","0","0"
"0938","PLU0938     ","0","0"
"0939","PLU0939     ","0","0"
"0940","PLU0940     ","0","0"
"0941","PLU0941     ","0","0"
"0942","PLU0942     ","0","0"
"0943","PLU0943     ","0","0"
"0944","PLU0944     ","0","0"
"0945","PLU0945     ","0","0"
"0946","PLU0946     ","0","0"
"0947","PLU0947     ","0","0"
"0948","PLU0948     ","0","0"
"0949","PLU0949     ","0","0"
"0950","PLU0950     ","0","0"
"0951","PLU0951     ","0","0"
"0952","PLU0952     ","0","0"
"0953","PLU0953     ","0","0"
"0954","PLU0954     ","0","0"
"0955","PLU0955     ","0","0"
"0956","PLU0956     ","0","0"
"0957","PLU0957     ","0","0"
"0958","PLU0958     ","0","0"
"0959","PLU0959     ","0","0"
"0960","PLU0960     ","0","0"
"0961","PLU0961     ","0","0"
"0962","PLU0962     ","0","0"
"0963","PLU0963     ","0","0"
"0964","PLU0964     ","0","0"
"0965","PLU0965     ","0","0"
"0966","PLU0966     ","0","0"
"0967","PLU0967     ","0","0"
"0968","PLU0968     ","0","0"
"0969","PLU0969     ","0","0"
"0970","PLU0970     ","0","0"
"0971","PLU0971     ","0","0"
"0972","PLU0972     ","0","0"
"0973","PLU0973     ","0","0"
"0974","PLU0974     ","0","0"
"0975","PLU0975     ","0","0"
"0976","PLU0976     ","0","0"
"0977","PLU0977     ","0","0"
"0978","PLU0978     ","0","0"
"0979","PLU0979     ","0","0"
"0980","PLU0980     ","0","0"
"0981","PLU0981     ","0","0"
"0982","PLU0982     ","0","0"
"0983","PLU0983     ","0","0"
"0984","PLU0984     ","0","0"
"0985","PLU0985     ","0","0"
"0986","PLU0986     ","0","0"
"0987","PLU0987     ","0","0"
"0988","PLU0988     ","0","0"
"0989","PLU0989     ","0","0"
"0990","PLU0990     ","0","0"
"0991","PLU0991     ","0","0"
"0992","PLU0992     ","0","0"
"0993","PLU0993     ","0","0"
"0994","PLU0994     ","0","0"
"0995","PLU0995     ","0","0"
"0996","PLU0996     ","0","0"
"0997","PLU0997     ","0","0"
"0998","PLU0998     ","0","0"
"0999","PLU0999     ","0","0"
"1000","PLU1000     ","0","0"
"1001","PLU1001     ","0","0"
"1002","PLU1002     ","0","0"
"1003","PLU1003     ","0","0"
"1004","PLU1004     ","0","0"
"1005","PLU1005     ","0","0"
"1006","PLU1006     ","0","0"
"1007","PLU1007     ","0","0"
"1008","PLU1008     ","0","0"
"1009","PLU1009     ","0","0"
"1010","PLU1010     ","0","0"
"1011","PLU1011     ","0","0"
"1012","PLU1012     ","0","0"
"1013","PLU1013     ","0","0"
"1014","PLU1014     ","0","0"
"1015","PLU1015     ","0","0"
"1016","PLU1016     ","0","0"
"1017","PLU1017     ","0","0"
"1018","PLU1018     ","0","0"
"1019","PLU1019     ","0","0"
"1020","PLU1020     ","0","0"
"1021","PLU1021     ","0","0"
"1022","PLU1022     ","0","0"
"1023","PLU1023     ","0","0"
"1024","PLU1024     ","0","0"
"1025","PLU1025     ","0","0"
"1026","PLU1026     ","0","0"
"1027","PLU1027     ","0","0"
"1028","PLU1028     ","0","0"
"1029","PLU1029     ","0","0"
"1030","PLU1030     ","0","0"
"1031","PLU1031     ","0","0"
"1032","PLU1032     ","0","0"
"1033","PLU1033     ","0","0"
"1034","PLU1034     ","0","0"
"1035","PLU1035     ","0","0"
"1036","PLU1036     ","0","0"
"1037","PLU1037     ","0","0"
"1038","PLU1038     ","0","0"
"1039","PLU1039     ","0","0"
"1040","PLU1040     ","0","0"
"1041","PLU1041     ","0","0"
"1042","PLU1042     ","0","0"
"1043","PLU1043     ","0","0"
"1044","PLU1044     ","0","0"
"1045","PLU1045     ","0","0"
"1046","PLU1046     ","0","0"
"1047","PLU1047     ","0","0"
"1048","PLU1048     ","0","0"
"1049","PLU1049     ","0","0"
"1050","PLU1050     ","0","0"
"1051","PLU1051     ","0","0"
"1052","PLU1052     ","0","0"
"1053","PLU1053     ","0","0"
"1054","PLU1054     ","0","0"
"1055","PLU1055     ","0","0"
"1056","PLU1056     ","0","0"
"1057","PLU1057     ","0","0"
"1058","PLU1058     ","0","0"
"1059","PLU1059     ","0","0"
"1060","PLU1060     ","0","0"
"1061","PLU1061     ","0","0"
"1062","PLU1062     ","0","0"
"1063","PLU1063     ","0","0"
"1064","PLU1064     ","0","0"
"1065","PLU1065     ","0","0"
"1066","PLU1066     ","0","0"
"1067","PLU1067     ","0","0"
"1068","PLU1068     ","0","0"
"1069","PLU1069     ","0","0"
"1070","PLU1070     ","0","0"
"1071","PLU1071     ","0","0"
"1072","PLU1072     ","0","0"
"1073","PLU1073     ","0","0"
"1074","PLU1074     ","0","0"
"1075","PLU1075     ","0","0"
"1076","PLU1076     ","0","0"
"1077","PLU1077     ","0","0"
"1078","PLU1078     ","0","0"
"1079","PLU1079     ","0","0"
"1080","PLU1080     ","0","0"
"1081","PLU1081     ","0","0"
"1082","PLU1082     ","0","0"
"1083","PLU1083     ","0","0"
"1084","PLU1084     ","0","0"
"1085","PLU1085     ","0","0"
"1086","PLU1086     ","0","0"
"1087","PLU1087     ","0","0"
"1088","PLU1088     ","0","0"
"1089","PLU1089     ","0","0"
"1090","PLU1090     ","0","0"
"1091","PLU1091     ","0","0"
"1092","PLU1092     ","0","0"
"1093","PLU1093     ","0","0"
"1094","PLU1094     ","0","0"
"1095","PLU1095     ","0","0"
"1096","PLU1096     ","0","0"
"1097","PLU1097     ","0","0"
"1098","PLU1098     ","0","0"
"1099","PLU1099     ","0","0"
"1100","PLU1100     ","0","0"
"1101","PLU1101     ","0","0"
"1102","PLU1102     ","0","0"
"1103","PLU1103     ","0","0"
"1104","PLU1104     ","0","0"
"1105","PLU1105     ","0","0"
"1106","PLU1106     ","0","0"
"1107","PLU1107     ","0","0"
"1108","PLU1108     ","0","0"
"1109","PLU1109     ","0","0"
"1110","PLU1110     ","0","0"
"1111","PLU1111     ","0","0"
"1112","PLU1112     ","0","0"
"1113","PLU1113     ","0","0"
"1114","PLU1114     ","0","0"
"1115","PLU1115     ","0","0"
"1116","PLU1116     ","0","0"
"1117","PLU1117     ","0","0"
"1118","PLU1118     ","0","0"
"1119","PLU1119     ","0","0"
"1120","PLU1120     ","0","0"
"1121","PLU1121     ","0","0"
"1122","PLU1122     ","0","0"
"1123","PLU1123     ","0","0"
"1124","PLU1124     ","0","0"
"1125","PLU1125     ","0","0"
"1126","PLU1126     ","0","0"
"1127","PLU1127     ","0","0"
"1128","PLU1128     ","0","0"
"1129","PLU1129     ","0","0"
"1130","PLU1130     ","0","0"
"1131","PLU1131     ","0","0"
"1132","PLU1132     ","0","0"
"1133","PLU1133     ","0","0"
"1134","PLU1134     ","0","0"
"1135","PLU1135     ","0","0"
"1136","PLU1136     ","0","0"
"1137","PLU1137     ","0","0"
"1138","PLU1138     ","0","0"
"1139","PLU1139     ","0","0"
"1140","PLU1140     ","0","0"
"1141","PLU1141     ","0","0"
"1142","PLU1142     ","0","0"
"1143","PLU1143     ","0","0"
"1144","PLU1144     ","0","0"
"1145","PLU1145     ","0","0"
"1146","PLU1146     ","0","0"
"1147","PLU1147     ","0","0"
"1148","PLU1148     ","0","0"
"1149","PLU1149     ","0","0"
"1150","PLU1150     ","0","0"
"1151","PLU1151     ","0","0"
"1152","PLU1152     ","0","0"
"1153","PLU1153     ","0","0"
"1154","PLU1154     ","0","0"
"1155","PLU1155     ","0","0"
"1156","PLU1156     ","0","0"
"1157","PLU1157     ","0","0"
"1158","PLU1158     ","0","0"
"1159","PLU1159     ","0","0"
"1160","PLU1160     ","0","0"
"1161","PLU1161     ","0","0"
"1162","PLU1162     ","0","0"
"1163","PLU1163     ","0","0"
"1164","PLU1164     ","0","0"
"1165","PLU1165     ","0","0"
"1166","PLU1166     ","0","0"
"1167","PLU1167     ","0","0"
"1168","PLU1168     ","0","0"
"1169","PLU1169     ","0","0"
"1170","PLU1170     ","0","0"
"1171","PLU1171     ","0","0"
"1172","PLU1172     ","0","0"
"1173","PLU1173     ","0","0"
"1174","PLU1174     ","0","0"
"1175","PLU1175     ","0","0"
"1176","PLU1176     ","0","0"
"1177","PLU1177     ","0","0"
"1178","PLU1178     ","0","0"
"1179","PLU1179     ","0","0"
"1180","PLU1180     ","0","0"
"1181","PLU1181     ","0","0"
"1182","PLU1182     ","0","0"
"1183","PLU1183     ","0","0"
"1184","PLU1184     ","0","0"
"1185","PLU1185     ","0","0"
"1186","PLU1186     ","0","0"
"1187","PLU1187     ","0","0"
"1188","PLU1188     ","0","0"
"1189","PLU1189     ","0","0"
"1190","PLU1190     ","0","0"
"1191","PLU1191     ","0","0"
"1192","PLU1192     ","0","0"
"1193","PLU1193     ","0","0"
"1194","PLU1194     ","0","0"
"1195","PLU1195     ","0","0"
"1196","PLU1196     ","0","0"
"1197","PLU1197     ","0","0"
"1198","PLU1198     ","0","0"
"1199","PLU1199     ","0","0"
"1200","PLU1200     ","0","0"
"1201","PLU1201     ","0","0"
"1202","PLU1202     ","0","0"
"1203","PLU1203     ","0","0"
"1204","PLU1204     ","0","0"
"1205","PLU1205     ","0","0"
"1206","PLU1206     ","0","0"
"1207","PLU1207     ","0","0"
"1208","PLU1208     ","0","0"
"1209","PLU1209     ","0","0"
"1210","PLU1210     ","0","0"
"1211","PLU1211     ","0","0"
"1212","PLU1212     ","0","0"
"1213","PLU1213     ","0","0"
"1214","PLU1214     ","0","0"
"1215","PLU1215     ","0","0"
"1216","PLU1216     ","0","0"
"1217","PLU1217     ","0","0"
"1218","PLU1218     ","0","0"
"1219","PLU1219     ","0","0"
"1220","PLU1220     ","0","0"
"1221","PLU1221     ","0","0"
"1222","PLU1222     ","0","0"
"1223","PLU1223     ","0","0"
"1224","PLU1224     ","0","0"
"1225","PLU1225     ","0","0"
"1226","PLU1226     ","0","0"
"1227","PLU1227     ","0","0"
"1228","PLU1228     ","0","0"
"1229","PLU1229     ","0","0"
"1230","PLU1230     ","0","0"
"1231","PLU1231     ","0","0"
"1232","PLU1232     ","0","0"
"1233","PLU1233     ","0","0"
"1234","PLU1234     ","0","0"
"1235","PLU1235     ","0","0"
"1236","PLU1236     ","0","0"
"1237","PLU1237     ","0","0"
"1238","PLU1238     ","0","0"
"1239","PLU1239     ","0","0"
"1240","PLU1240     ","0","0"
"1241","PLU1241     ","0","0"
"1242","PLU1242     ","0","0"
"1243","PLU1243     ","0","0"
"1244","PLU1244     ","0","0"
"1245","PLU1245     ","0","0"
"1246","PLU1246     ","0","0"
"1247","PLU1247     ","0","0"
"1248","PLU1248     ","0","0"
"1249","PLU1249     ","0","0"
"1250","PLU1250     ","0","0"
"1251","PLU1251     ","0","0"
"1252","PLU1252     ","0","0"
"1253","PLU1253     ","0","0"
"1254","PLU1254     ","0","0"
"1255","PLU1255     ","0","0"
"1256","PLU1256     ","0","0"
"1257","PLU1257     ","0","0"
"1258","PLU1258     ","0","0"
"1259","PLU1259     ","0","0"
"1260","PLU1260     ","0","0"
"1261","PLU1261     ","0","0"
"1262","PLU1262     ","0","0"
"1263","PLU1263     ","0","0"
"1264","PLU1264     ","0","0"
"1265","PLU1265     ","0","0"
"1266","PLU1266     ","0","0"
"1267","PLU1267     ","0","0"
"1268","PLU1268     ","0","0"
"1269","PLU1269     ","0","0"
"1270","PLU1270     ","0","0"
"1271","PLU1271     ","0","0"
"1272","PLU1272     ","0","0"
"1273","PLU1273     ","0","0"
"1274","PLU1274     ","0","0"
"1275","PLU1275     ","0","0"
"1276","PLU1276     ","0","0"
"1277","PLU1277     ","0","0"
"1278","PLU1278     ","0","0"
"1279","PLU1279     ","0","0"
"1280","PLU1280     ","0","0"
"1281","PLU1281     ","0","0"
"1282","PLU1282     ","0","0"
"1283","PLU1283     ","0","0"
"1284","PLU1284     ","0","0"
"1285","PLU1285     ","0","0"
"1286","PLU1286     ","0","0"
"1287","PLU1287     ","0","0"
"1288","PLU1288     ","0","0"
"1289","PLU1289     ","0","0"
"1290","PLU1290     ","0","0"
"1291","PLU1291     ","0","0"
"1292","PLU1292     ","0","0"
"1293","PLU1293     ","0","0"
"1294","PLU1294     ","0","0"
"1295","PLU1295     ","0","0"
"1296","PLU1296     ","0","0"
"1297","PLU1297     ","0","0"
"1298","PLU1298     ","0","0"
"1299","PLU1299     ","0","0"
"1300","PLU1300     ","0","0"
"1301","PLU1301     ","0","0"
"1302","PLU1302     ","0","0"
"1303","PLU1303     ","0","0"
"1304","PLU1304     ","0","0"
"1305","PLU1305     ","0","0"
"1306","PLU1306     ","0","0"
"1307","PLU1307     ","0","0"
"1308","PLU1308     ","0","0"
"1309","PLU1309     ","0","0"
"1310","PLU1310     ","0","0"
"1311","PLU1311     ","0","0"
"1312","PLU1312     ","0","0"
"1313","PLU1313     ","0","0"
"1314","PLU1314     ","0","0"
"1315","PLU1315     ","0","0"
"1316","PLU1316     ","0","0"
"1317","PLU1317     ","0","0"
"1318","PLU1318     ","0","0"
"1319","PLU1319     ","0","0"
"1320","PLU1320     ","0","0"
"1321","PLU1321     ","0","0"
"1322","PLU1322     ","0","0"
"1323","PLU1323     ","0","0"
"1324","PLU1324     ","0","0"
"1325","PLU1325     ","0","0"
"1326","PLU1326     ","0","0"
"1327","PLU1327     ","0","0"
"1328","PLU1328     ","0","0"
"1329","PLU1329     ","0","0"
"1330","PLU1330     ","0","0"
"1331","PLU1331     ","0","0"
"1332","PLU1332     ","0","0"
"1333","PLU1333     ","0","0"
"1334","PLU1334     ","0","0"
"1335","PLU1335     ","0","0"
"1336","PLU1336     ","0","0"
"1337","PLU1337     ","0","0"
"1338","PLU1338     ","0","0"
"1339","PLU1339     ","0","0"
"1340","PLU1340     ","0","0"
"1341","PLU1341     ","0","0"
"1342","PLU1342     ","0","0"
"1343","PLU1343     ","0","0"
"1344","PLU1344     ","0","0"
"1345","PLU1345     ","0","0"
"1346","PLU1346     ","0","0"
"1347","PLU1347     ","0","0"
"1348","PLU1348     ","0","0"
"1349","PLU1349     ","0","0"
"1350","PLU1350     ","0","0"
"1351","PLU1351     ","0","0"
"1352","PLU1352     ","0","0"
"1353","PLU1353     ","0","0"
"1354","PLU1354     ","0","0"
"1355","PLU1355     ","0","0"
"1356","PLU1356     ","0","0"
"1357","PLU1357     ","0","0"
"1358","PLU1358     ","0","0"
"1359","PLU1359     ","0","0"
"1360","PLU1360     ","0","0"
"1361","PLU1361     ","0","0"
"1362","PLU1362     ","0","0"
"1363","PLU1363     ","0","0"
"1364","PLU1364     ","0","0"
"1365","PLU1365     ","0","0"
"1366","PLU1366     ","0","0"
"1367","PLU1367     ","0","0"
"1368","PLU1368     ","0","0"
"1369","PLU1369     ","0","0"
"1370","PLU1370     ","0","0"
"1371","PLU1371     ","0","0"
"1372","PLU1372     ","0","0"
"1373","PLU1373     ","0","0"
"1374","PLU1374     ","0","0"
"1375","PLU1375     ","0","0"
"1376","PLU1376     ","0","0"
"1377","PLU1377     ","0","0"
"1378","PLU1378     ","0","0"
"1379","PLU1379     ","0","0"
"1380","PLU1380     ","0","0"
"1381","PLU1381     ","0","0"
"1382","PLU1382     ","0","0"
"1383","PLU1383     ","0","0"
"1384","PLU1384     ","0","0"
"1385","PLU1385     ","0","0"
"1386","PLU1386     ","0","0"
"1387","PLU1387     ","0","0"
"1388","PLU1388     ","0","0"
"1389","PLU1389     ","0","0"
"1390","PLU1390     ","0","0"
"1391","PLU1391     ","0","0"
"1392","PLU1392     ","0","0"
"1393","PLU1393     ","0","0"
"1394","PLU1394     ","0","0"
"1395","PLU1395     ","0","0"
"1396","PLU1396     ","0","0"
"1397","PLU1397     ","0","0"
"1398","PLU1398     ","0","0"
"1399","PLU1399     ","0","0"
"1400","PLU1400     ","0","0"
"1401","PLU1401     ","0","0"
"1402","PLU1402     ","0","0"
"1403","PLU1403     ","0","0"
"1404","PLU1404     ","0","0"
"1405","PLU1405     ","0","0"
"1406","PLU1406     ","0","0"
"1407","PLU1407     ","0","0"
"1408","PLU1408     ","0","0"
"1409","PLU1409     ","0","0"
"1410","PLU1410     ","0","0"
"1411","PLU1411     ","0","0"
"1412","PLU1412     ","0","0"
"1413","PLU1413     ","0","0"
"1414","PLU1414     ","0","0"
"1415","PLU1415     ","0","0"
"1416","PLU1416     ","0","0"
"1417","PLU1417     ","0","0"
"1418","PLU1418     ","0","0"
"1419","PLU1419     ","0","0"
"1420","PLU1420     ","0","0"
"1421","PLU1421     ","0","0"
"1422","PLU1422     ","0","0"
"1423","PLU1423     ","0","0"
"1424","PLU1424     ","0","0"
"1425","PLU1425     ","0","0"
"1426","PLU1426     ","0","0"
"1427","PLU1427     ","0","0"
"1428","PLU1428     ","0","0"
"1429","PLU1429     ","0","0"
"1430","PLU1430     ","0","0"
"1431","PLU1431     ","0","0"
"1432","PLU1432     ","0","0"
"1433","PLU1433     ","0","0"
"1434","PLU1434     ","0","0"
"1435","PLU1435     ","0","0"
"1436","PLU1436     ","0","0"
"1437","PLU1437     ","0","0"
"1438","PLU1438     ","0","0"
"1439","PLU1439     ","0","0"
"1440","PLU1440     ","0","0"
"1441","PLU1441     ","0","0"
"1442","PLU1442     ","0","0"
"1443","PLU1443     ","0","0"
"1444","PLU1444     ","0","0"
"1445","PLU1445     ","0","0"
"1446","PLU1446     ","0","0"
"1447","PLU1447     ","0","0"
"1448","PLU1448     ","0","0"
"1449","PLU1449     ","0","0"
"1450","PLU1450     ","0","0"
"1451","PLU1451     ","0","0"
"1452","PLU1452     ","0","0"
"1453","PLU1453     ","0","0"
"1454","PLU1454     ","0","0"
"1455","PLU1455     ","0","0"
"1456","PLU1456     ","0","0"
"1457","PLU1457     ","0","0"
"1458","PLU1458     ","0","0"
"1459","PLU1459     ","0","0"
"1460","PLU1460     ","0","0"
"1461","PLU1461     ","0","0"
"1462","PLU1462     ","0","0"
"1463","PLU1463     ","0","0"
"1464","PLU1464     ","0","0"
"1465","PLU1465     ","0","0"
"1466","PLU1466     ","0","0"
"1467","PLU1467     ","0","0"
"1468","PLU1468     ","0","0"
"1469","PLU1469     ","0","0"
"1470","PLU1470     ","0","0"
"1471","PLU1471     ","0","0"
"1472","PLU1472     ","0","0"
"1473","PLU1473     ","0","0"
"1474","PLU1474     ","0","0"
"1475","PLU1475     ","0","0"
"1476","PLU1476     ","0","0"
"1477","PLU1477     ","0","0"
"1478","PLU1478     ","0","0"
"1479","PLU1479     ","0","0"
"1480","PLU1480     ","0","0"
"1481","PLU1481     ","0","0"
"1482","PLU1482     ","0","0"
"1483","PLU1483     ","0","0"
"1484","PLU1484     ","0","0"
"1485","PLU1485     ","0","0"
"1486","PLU1486     ","0","0"
"1487","PLU1487     ","0","0"
"1488","PLU1488     ","0","0"
"1489","PLU1489     ","0","0"
"1490","PLU1490     ","0","0"
"1491","PLU1491     ","0","0"
"1492","PLU1492     ","0","0"
"1493","PLU1493     ","0","0"
"1494","PLU1494     ","0","0"
"1495","PLU1495     ","0","0"
"1496","PLU1496     ","0","0"
"1497","PLU1497     ","0","0"
"1498","PLU1498     ","0","0"
"1499","PLU1499     ","0","0"
"1500","PLU1500     ","0","0"
"1501","PLU1501     ","0","0"
"1502","PLU1502     ","0","0"
"1503","PLU1503     ","0","0"
"1504","PLU1504     ","0","0"
"1505","PLU1505     ","0","0"
"1506","PLU1506     ","0","0"
"1507","PLU1507     ","0","0"
"1508","PLU1508     ","0","0"
"1509","PLU1509     ","0","0"
"1510","PLU1510     ","0","0"
"1511","PLU1511     ","0","0"
"1512","PLU1512     ","0","0"
"1513","PLU1513     ","0","0"
"1514","PLU1514     ","0","0"
"1515","PLU1515     ","0","0"
"1516","PLU1516     ","0","0"
"1517","PLU1517     ","0","0"
"1518","PLU1518     ","0","0"
"1519","PLU1519     ","0","0"
"1520","PLU1520     ","0","0"
"1521","PLU1521     ","0","0"
"1522","PLU1522     ","0","0"
"1523","PLU1523     ","0","0"
"1524","PLU1524     ","0","0"
"1525","PLU1525     ","0","0"
"1526","PLU1526     ","0","0"
"1527","PLU1527     ","0","0"
"1528","PLU1528     ","0","0"
"1529","PLU1529     ","0","0"
"1530","PLU1530     ","0","0"
"1531","PLU1531     ","0","0"
"1532","PLU1532     ","0","0"
"1533","PLU1533     ","0","0"
"1534","PLU1534     ","0","0"
"1535","PLU1535     ","0","0"
"1536","PLU1536     ","0","0"
"1537","PLU1537     ","0","0"
"1538","PLU1538     ","0","0"
"1539","PLU1539     ","0","0"
"1540","PLU1540     ","0","0"
"1541","PLU1541     ","0","0"
"1542","PLU1542     ","0","0"
"1543","PLU1543     ","0","0"
"1544","PLU1544     ","0","0"
"1545","PLU1545     ","0","0"
"1546","PLU1546     ","0","0"
"1547","PLU1547     ","0","0"
"1548","PLU1548     ","0","0"
"1549","PLU1549     ","0","0"
"1550","PLU1550     ","0","0"
"1551","PLU1551     ","0","0"
"1552","PLU1552     ","0","0"
"1553","PLU1553     ","0","0"
"1554","PLU1554     ","0","0"
"1555","PLU1555     ","0","0"
"1556","PLU1556     ","0","0"
"1557","PLU1557     ","0","0"
"1558","PLU1558     ","0","0"
"1559","PLU1559     ","0","0"
"1560","PLU1560     ","0","0"
"1561","PLU1561     ","0","0"
"1562","PLU1562     ","0","0"
"1563","PLU1563     ","0","0"
"1564","PLU1564     ","0","0"
"1565","PLU1565     ","0","0"
"1566","PLU1566     ","0","0"
"1567","PLU1567     ","0","0"
"1568","PLU1568     ","0","0"
"1569","PLU1569     ","0","0"
"1570","PLU1570     ","0","0"
"1571","PLU1571     ","0","0"
"1572","PLU1572     ","0","0"
"1573","PLU1573     ","0","0"
"1574","PLU1574     ","0","0"
"1575","PLU1575     ","0","0"
"1576","PLU1576     ","0","0"
"1577","PLU1577     ","0","0"
"1578","PLU1578     ","0","0"
"1579","PLU1579     ","0","0"
"1580","PLU1580     ","0","0"
"1581","PLU1581     ","0","0"
"1582","PLU1582     ","0","0"
"1583","PLU1583     ","0","0"
"1584","PLU1584     ","0","0"
"1585","PLU1585     ","0","0"
"1586","PLU1586     ","0","0"
"1587","PLU1587     ","0","0"
"1588","PLU1588     ","0","0"
"1589","PLU1589     ","0","0"
"1590","PLU1590     ","0","0"
"1591","PLU1591     ","0","0"
"1592","PLU1592     ","0","0"
"1593","PLU1593     ","0","0"
"1594","PLU1594     ","0","0"
"1595","PLU1595     ","0","0"
"1596","PLU1596     ","0","0"
"1597","PLU1597     ","0","0"
"1598","PLU1598     ","0","0"
"1599","PLU1599     ","0","0"
"1600","PLU1600     ","0","0"
"1601","PLU1601     ","0","0"
"1602","PLU1602     ","0","0"
"1603","PLU1603     ","0","0"
"1604","PLU1604     ","0","0"
"1605","PLU1605     ","0","0"
"1606","PLU1606     ","0","0"
"1607","PLU1607     ","0","0"
"1608","PLU1608     ","0","0"
"1609","PLU1609     ","0","0"
"1610","PLU1610     ","0","0"
"1611","PLU1611     ","0","0"
"1612","PLU1612     ","0","0"
"1613","PLU1613     ","0","0"
"1614","PLU1614     ","0","0"
"1615","PLU1615     ","0","0"
"1616","PLU1616     ","0","0"
"1617","PLU1617     ","0","0"
"1618","PLU1618     ","0","0"
"1619","PLU1619     ","0","0"
"1620","PLU1620     ","0","0"
"1621","PLU1621     ","0","0"
"1622","PLU1622     ","0","0"
"1623","PLU1623     ","0","0"
"1624","PLU1624     ","0","0"
"1625","PLU1625     ","0","0"
"1626","PLU1626     ","0","0"
"1627","PLU1627     ","0","0"
"1628","PLU1628     ","0","0"
"1629","PLU1629     ","0","0"
"1630","PLU1630     ","0","0"
"1631","PLU1631     ","0","0"
"1632","PLU1632     ","0","0"
"1633","PLU1633     ","0","0"
"1634","PLU1634     ","0","0"
"1635","PLU1635     ","0","0"
"1636","PLU1636     ","0","0"
"1637","PLU1637     ","0","0"
"1638","PLU1638     ","0","0"
"1639","PLU1639     ","0","0"
"1640","PLU1640     ","0","0"
"1641","PLU1641     ","0","0"
"1642","PLU1642     ","0","0"
"1643","PLU1643     ","0","0"
"1644","PLU1644     ","0","0"
"1645","PLU1645     ","0","0"
"1646","PLU1646     ","0","0"
"1647","PLU1647     ","0","0"
"1648","PLU1648     ","0","0"
"1649","PLU1649     ","0","0"
"1650","PLU1650     ","0","0"
"1651","PLU1651     ","0","0"
"1652","PLU1652     ","0","0"
"1653","PLU1653     ","0","0"
"1654","PLU1654     ","0","0"
"1655","PLU1655     ","0","0"
"1656","PLU1656     ","0","0"
"1657","PLU1657     ","0","0"
"1658","PLU1658     ","0","0"
"1659","PLU1659     ","0","0"
"1660","PLU1660     ","0","0"
"1661","PLU1661     ","0","0"
"1662","PLU1662     ","0","0"
"1663","PLU1663     ","0","0"
"1664","PLU1664     ","0","0"
"1665","PLU1665     ","0","0"
"1666","PLU1666     ","0","0"
"1667","PLU1667     ","0","0"
"1668","PLU1668     ","0","0"
"1669","PLU1669     ","0","0"
"1670","PLU1670     ","0","0"
"1671","PLU1671     ","0","0"
"1672","PLU1672     ","0","0"
"1673","PLU1673     ","0","0"
"1674","PLU1674     ","0","0"
"1675","PLU1675     ","0","0"
"1676","PLU1676     ","0","0"
"1677","PLU1677     ","0","0"
"1678","PLU1678     ","0","0"
"1679","PLU1679     ","0","0"
"1680","PLU1680     ","0","0"
"1681","PLU1681     ","0","0"
"1682","PLU1682     ","0","0"
"1683","PLU1683     ","0","0"
"1684","PLU1684     ","0","0"
"1685","PLU1685     ","0","0"
"1686","PLU1686     ","0","0"
"1687","PLU1687     ","0","0"
"1688","PLU1688     ","0","0"
"1689","PLU1689     ","0","0"
"1690","PLU1690     ","0","0"
"1691","PLU1691     ","0","0"
"1692","PLU1692     ","0","0"
"1693","PLU1693     ","0","0"
"1694","PLU1694     ","0","0"
"1695","PLU1695     ","0","0"
"1696","PLU1696     ","0","0"
"1697","PLU1697     ","0","0"
"1698","PLU1698     ","0","0"
"1699","PLU1699     ","0","0"
"1700","PLU1700     ","0","0"
"1701","PLU1701     ","0","0"
"1702","PLU1702     ","0","0"
"1703","PLU1703     ","0","0"
"1704","PLU1704     ","0","0"
"1705","PLU1705     ","0","0"
"1706","PLU1706     ","0","0"
"1707","PLU1707     ","0","0"
"1708","PLU1708     ","0","0"
"1709","PLU1709     ","0","0"
"1710","PLU1710     ","0","0"
"1711","PLU1711     ","0","0"
"1712","PLU1712     ","0","0"
"1713","PLU1713     ","0","0"
"1714","PLU1714     ","0","0"
"1715","PLU1715     ","0","0"
"1716","PLU1716     ","0","0"
"1717","PLU1717     ","0","0"
"1718","PLU1718     ","0","0"
"1719","PLU1719     ","0","0"
"1720","PLU1720     ","0","0"
"1721","PLU1721     ","0","0"
"1722","PLU1722     ","0","0"
"1723","PLU1723     ","0","0"
"1724","PLU1724     ","0","0"
"1725","PLU1725     ","0","0"
"1726","PLU1726     ","0","0"
"1727","PLU1727     ","0","0"
"1728","PLU1728     ","0","0"
"1729","PLU1729     ","0","0"
"1730","PLU1730     ","0","0"
"1731","PLU1731     ","0","0"
"1732","PLU1732     ","0","0"
"1733","PLU1733     ","0","0"
"1734","PLU1734     ","0","0"
"1735","PLU1735     ","0","0"
"1736","PLU1736     ","0","0"
"1737","PLU1737     ","0","0"
"1738","PLU1738     ","0","0"
"1739","PLU1739     ","0","0"
"1740","PLU1740     ","0","0"
"1741","PLU1741     ","0","0"
"1742","PLU1742     ","0","0"
"1743","PLU1743     ","0","0"
"1744","PLU1744     ","0","0"
"1745","PLU1745     ","0","0"
"1746","PLU1746     ","0","0"
"1747","PLU1747     ","0","0"
"1748","PLU1748     ","0","0"
"1749","PLU1749     ","0","0"
"1750","PLU1750     ","0","0"
"1751","PLU1751     ","0","0"
"1752","PLU1752     ","0","0"
"1753","PLU1753     ","0","0"
"1754","PLU1754     ","0","0"
"1755","PLU1755     ","0","0"
"1756","PLU1756     ","0","0"
"1757","PLU1757     ","0","0"
"1758","PLU1758     ","0","0"
"1759","PLU1759     ","0","0"
"1760","PLU1760     ","0","0"
"1761","PLU1761     ","0","0"
"1762","PLU1762     ","0","0"
"1763","PLU1763     ","0","0"
"1764","PLU1764     ","0","0"
"1765","PLU1765     ","0","0"
"1766","PLU1766     ","0","0"
"1767","PLU1767     ","0","0"
"1768","PLU1768     ","0","0"
"1769","PLU1769     ","0","0"
"1770","PLU1770     ","0","0"
"1771","PLU1771     ","0","0"
"1772","PLU1772     ","0","0"
"1773","PLU1773     ","0","0"
"1774","PLU1774     ","0","0"
"1775","PLU1775     ","0","0"
"1776","PLU1776     ","0","0"
"1777","PLU1777     ","0","0"
"1778","PLU1778     ","0","0"
"1779","PLU1779     ","0","0"
"1780","PLU1780     ","0","0"
"1781","PLU1781     ","0","0"
"1782","PLU1782     ","0","0"
"1783","PLU1783     ","0","0"
"1784","PLU1784     ","0","0"
"1785","PLU1785     ","0","0"
"1786","PLU1786     ","0","0"
"1787","PLU1787     ","0","0"
"1788","PLU1788     ","0","0"
"1789","PLU1789     ","0","0"
"1790","PLU1790     ","0","0"
"1791","PLU1791     ","0","0"
"1792","PLU1792     ","0","0"
"1793","PLU1793     ","0","0"
"1794","PLU1794     ","0","0"
"1795","PLU1795     ","0","0"
"1796","PLU1796     ","0","0"
"1797","PLU1797     ","0","0"
"1798","PLU1798     ","0","0"
"1799","PLU1799     ","0","0"
"1800","PLU1800     ","0","0"
"1801","PLU1801     ","0","0"
"1802","PLU1802     ","0","0"
"1803","PLU1803     ","0","0"
"1804","PLU1804     ","0","0"
"1805","PLU1805     ","0","0"
"1806","PLU1806     ","0","0"
"1807","PLU1807     ","0","0"
"1808","PLU1808     ","0","0"
"1809","PLU1809     ","0","0"
"1810","PLU1810     ","0","0"
"1811","PLU1811     ","0","0"
"1812","PLU1812     ","0","0"
"1813","PLU1813     ","0","0"
"1814","PLU1814     ","0","0"
"1815","PLU1815     ","0","0"
"1816","PLU1816     ","0","0"
"1817","PLU1817     ","0","0"
"1818","PLU1818     ","0","0"
"1819","PLU1819     ","0","0"
"1820","PLU1820     ","0","0"
"1821","PLU1821     ","0","0"
"1822","PLU1822     ","0","0"
"1823","PLU1823     ","0","0"
"1824","PLU1824     ","0","0"
"1825","PLU1825     ","0","0"
"1826","PLU1826     ","0","0"
"1827","PLU1827     ","0","0"
"1828","PLU1828     ","0","0"
"1829","PLU1829     ","0","0"
"1830","PLU1830     ","0","0"
"1831","PLU1831     ","0","0"
"1832","PLU1832     ","0","0"
"1833","PLU1833     ","0","0"
"1834","PLU1834     ","0","0"
"1835","PLU1835     ","0","0"
"1836","PLU1836     ","0","0"
"1837","PLU1837     ","0","0"
"1838","PLU1838     ","0","0"
"1839","PLU1839     ","0","0"
"1840","PLU1840     ","0","0"
"1841","PLU1841     ","0","0"
"1842","PLU1842     ","0","0"
"1843","PLU1843     ","0","0"
"1844","PLU1844     ","0","0"
"1845","PLU1845     ","0","0"
"1846","PLU1846     ","0","0"
"1847","PLU1847     ","0","0"
"1848","PLU1848     ","0","0"
"1849","PLU1849     ","0","0"
"1850","PLU1850     ","0","0"
"1851","PLU1851     ","0","0"
"1852","PLU1852     ","0","0"
"1853","PLU1853     ","0","0"
"1854","PLU1854     ","0","0"
"1855","PLU1855     ","0","0"
"1856","PLU1856     ","0","0"
"1857","PLU1857     ","0","0"
"1858","PLU1858     ","0","0"
"1859","PLU1859     ","0","0"
"1860","PLU1860     ","0","0"
"1861","PLU1861     ","0","0"
"1862","PLU1862     ","0","0"
"1863","PLU1863     ","0","0"
"1864","PLU1864     ","0","0"
"1865","PLU1865     ","0","0"
"1866","PLU1866     ","0","0"
"1867","PLU1867     ","0","0"
"1868","PLU1868     ","0","0"
"1869","PLU1869     ","0","0"
"1870","PLU1870     ","0","0"
"1871","PLU1871     ","0","0"
"1872","PLU1872     ","0","0"
"1873","PLU1873     ","0","0"
"1874","PLU1874     ","0","0"
"1875","PLU1875     ","0","0"
"1876","PLU1876     ","0","0"
"1877","PLU1877     ","0","0"
"1878","PLU1878     ","0","0"
"1879","PLU1879     ","0","0"
"1880","PLU1880     ","0","0"
"1881","PLU1881     ","0","0"
"1882","PLU1882     ","0","0"
"1883","PLU1883     ","0","0"
"1884","PLU1884     ","0","0"
"1885","PLU1885     ","0","0"
"1886","PLU1886     ","0","0"
"1887","PLU1887     ","0","0"
"1888","PLU1888     ","0","0"
"1889","PLU1889     ","0","0"
"1890","PLU1890     ","0","0"
"1891","PLU1891     ","0","0"
"1892","PLU1892     ","0","0"
"1893","PLU1893     ","0","0"
"1894","PLU1894     ","0","0"
"1895","PLU1895     ","0","0"
"1896","PLU1896     ","0","0"
"1897","PLU1897     ","0","0"
"1898","PLU1898     ","0","0"
"1899","PLU1899     ","0","0"
"1900","PLU1900     ","0","0"
"1901","PLU1901     ","0","0"
"1902","PLU1902     ","0","0"
"1903","PLU1903     ","0","0"
"1904","PLU1904     ","0","0"
"1905","PLU1905     ","0","0"
"1906","PLU1906     ","0","0"
"1907","PLU1907     ","0","0"
"1908","PLU1908     ","0","0"
"1909","PLU1909     ","0","0"
"1910","PLU1910     ","0","0"
"1911","PLU1911     ","0","0"
"1912","PLU1912     ","0","0"
"1913","PLU1913     ","0","0"
"1914","PLU1914     ","0","0"
"1915","PLU1915     ","0","0"
"1916","PLU1916     ","0","0"
"1917","PLU1917     ","0","0"
"1918","PLU1918     ","0","0"
"1919","PLU1919     ","0","0"
"1920","PLU1920     ","0","0"
"1921","PLU1921     ","0","0"
"1922","PLU1922     ","0","0"
"1923","PLU1923     ","0","0"
"1924","PLU1924     ","0","0"
"1925","PLU1925     ","0","0"
"1926","PLU1926     ","0","0"
"1927","PLU1927     ","0","0"
"1928","PLU1928     ","0","0"
"1929","PLU1929     ","0","0"
"1930","PLU1930     ","0","0"
"1931","PLU1931     ","0","0"
"1932","PLU1932     ","0","0"
"1933","PLU1933     ","0","0"
"1934","PLU1934     ","0","0"
"1935","PLU1935     ","0","0"
"1936","PLU1936     ","0","0"
"1937","PLU1937     ","0","0"
"1938","PLU1938     ","0","0"
"1939","PLU1939     ","0","0"
"1940","PLU1940     ","0","0"
"1941","PLU1941     ","0","0"
"1942","PLU1942     ","0","0"
"1943","PLU1943     ","0","0"
"1944","PLU1944     ","0","0"
"1945","PLU1945     ","0","0"
"1946","PLU1946     ","0","0"
"1947","PLU1947     ","0","0"
"1948","PLU1948     ","0","0"
"1949","PLU1949     ","0","0"
"1950","PLU1950     ","0","0"
"1951","PLU1951     ","0","0"
"1952","PLU1952     ","0","0"
"1953","PLU1953     ","0","0"
"1954","PLU1954     ","0","0"
"1955","PLU1955     ","0","0"
"1956","PLU1956     ","0","0"
"1957","PLU1957     ","0","0"
"1958","PLU1958     ","0","0"
"1959","PLU1959     ","0","0"
"1960","PLU1960     ","0","0"
"1961","PLU1961     ","0","0"
"1962","PLU1962     ","0","0"
"1963","PLU1963     ","0","0"
"1964","PLU1964     ","0","0"
"1965","PLU1965     ","0","0"
"1966","PLU1966     ","0","0"
"1967","PLU1967     ","0","0"
"1968","PLU1968     ","0","0"
"1969","PLU1969     ","0","0"
"1970","PLU1970     ","0","0"
"1971","PLU1971     ","0","0"
"1972","PLU1972     ","0","0"
"1973","PLU1973     ","0","0"
"1974","PLU1974     ","0","0"
"1975","PLU1975     ","0","0"
"1976","PLU1976     ","0","0"
"1977","PLU1977     ","0","0"
"1978","PLU1978     ","0","0"
"1979","PLU1979     ","0","0"
"1980","PLU1980     ","0","0"
"1981","PLU1981     ","0","0"
"1982","PLU1982     ","0","0"
"1983","PLU1983     ","0","0"
"1984","PLU1984     ","0","0"
"1985","PLU1985     ","0","0"
"1986","PLU1986     ","0","0"
"1987","PLU1987     ","0","0"
"1988","PLU1988     ","0","0"
"1989","PLU1989     ","0","0"
"1990","PLU1990     ","0","0"
"1991","PLU1991     ","0","0"
"1992","PLU1992     ","0","0"
"1993","PLU1993     ","0","0"
"1994","PLU1994     ","0","0"
"1995","PLU1995     ","0","0"
"1996","PLU1996     ","0","0"
"1997","PLU1997     ","0","0"
"1998","PLU1998     ","0","0"
"1999","PLU1999     ","0","0"
"2000","PLU2000     ","0","0"
"2001","PLU2001     ","0","0"
"2002","PLU2002     ","0","0"
"2003","PLU2003     ","0","0"
"2004","PLU2004     ","0","0"
"2005","PLU2005     ","0","0"
"2006","PLU2006     ","0","0"
"2007","PLU2007     ","0","0"
"2008","PLU2008     ","0","0"
"2009","PLU2009     ","0","0"
"2010","PLU2010     ","0","0"
"2011","PLU2011     ","0","0"
"2012","PLU2012     ","0","0"
"2013","PLU2013     ","0","0"
"2014","PLU2014     ","0","0"
"2015","PLU2015     ","0","0"
"2016","PLU2016     ","0","0"
"2017","PLU2017     ","0","0"
"2018","PLU2018     ","0","0"
"2019","PLU2019     ","0","0"
"2020","PLU2020     ","0","0"
"2021","PLU2021     ","0","0"
"2022","PLU2022     ","0","0"
"2023","PLU2023     ","0","0"
"2024","PLU2024     ","0","0"
"2025","PLU2025     ","0","0"
"2026","PLU2026     ","0","0"
"2027","PLU2027     ","0","0"
"2028","PLU2028     ","0","0"
"2029","PLU2029     ","0","0"
"2030","PLU2030     ","0","0"
"2031","PLU2031     ","0","0"
"2032","PLU2032     ","0","0"
"2033","PLU2033     ","0","0"
"2034","PLU2034     ","0","0"
"2035","PLU2035     ","0","0"
"2036","PLU2036     ","0","0"
"2037","PLU2037     ","0","0"
"2038","PLU2038     ","0","0"
"2039","PLU2039     ","0","0"
"2040","PLU2040     ","0","0"
"2041","PLU2041     ","0","0"
"2042","PLU2042     ","0","0"
"2043","PLU2043     ","0","0"
"2044","PLU2044     ","0","0"
"2045","PLU2045     ","0","0"
"2046","PLU2046     ","0","0"
"2047","PLU2047     ","0","0"
"2048","PLU2048     ","0","0"
"2049","PLU2049     ","0","0"
"2050","PLU2050     ","0","0"
"2051","PLU2051     ","0","0"
"2052","PLU2052     ","0","0"
"2053","PLU2053     ","0","0"
"2054","PLU2054     ","0","0"
"2055","PLU2055     ","0","0"
"2056","PLU2056     ","0","0"
"2057","PLU2057     ","0","0"
"2058","PLU2058     ","0","0"
"2059","PLU2059     ","0","0"
"2060","PLU2060     ","0","0"
"2061","PLU2061     ","0","0"
"2062","PLU2062     ","0","0"
"2063","PLU2063     ","0","0"
"2064","PLU2064     ","0","0"
"2065","PLU2065     ","0","0"
"2066","PLU2066     ","0","0"
"2067","PLU2067     ","0","0"
"2068","PLU2068     ","0","0"
"2069","PLU2069     ","0","0"
"2070","PLU2070     ","0","0"
"2071","PLU2071     ","0","0"
"2072","PLU2072     ","0","0"
"2073","PLU2073     ","0","0"
"2074","PLU2074     ","0","0"
"2075","PLU2075     ","0","0"
"2076","PLU2076     ","0","0"
"2077","PLU2077     ","0","0"
"2078","PLU2078     ","0","0"
"2079","PLU2079     ","0","0"
"2080","PLU2080     ","0","0"
"2081","PLU2081     ","0","0"
"2082","PLU2082     ","0","0"
"2083","PLU2083     ","0","0"
"2084","PLU2084     ","0","0"
"2085","PLU2085     ","0","0"
"2086","PLU2086     ","0","0"
"2087","PLU2087     ","0","0"
"2088","PLU2088     ","0","0"
"2089","PLU2089     ","0","0"
"2090","PLU2090     ","0","0"
"2091","PLU2091     ","0","0"
"2092","PLU2092     ","0","0"
"2093","PLU2093     ","0","0"
"2094","PLU2094     ","0","0"
"2095","PLU2095     ","0","0"
"2096","PLU2096     ","0","0"
"2097","PLU2097     ","0","0"
"2098","PLU2098     ","0","0"
"2099","PLU2099     ","0","0"
"2100","PLU2100     ","0","0"
"2101","PLU2101     ","0","0"
"2102","PLU2102     ","0","0"
"2103","PLU2103     ","0","0"
"2104","PLU2104     ","0","0"
"2105","PLU2105     ","0","0"
"2106","PLU2106     ","0","0"
"2107","PLU2107     ","0","0"
"2108","PLU2108     ","0","0"
"2109","PLU2109     ","0","0"
"2110","PLU2110     ","0","0"
"2111","PLU2111     ","0","0"
"2112","PLU2112     ","0","0"
"2113","PLU2113     ","0","0"
"2114","PLU2114     ","0","0"
"2115","PLU2115     ","0","0"
"2116","PLU2116     ","0","0"
"2117","PLU2117     ","0","0"
"2118","PLU2118     ","0","0"
"2119","PLU2119     ","0","0"
"2120","PLU2120     ","0","0"
"2121","PLU2121     ","0","0"
"2122","PLU2122     ","0","0"
"2123","PLU2123     ","0","0"
"2124","PLU2124     ","0","0"
"2125","PLU2125     ","0","0"
"2126","PLU2126     ","0","0"
"2127","PLU2127     ","0","0"
"2128","PLU2128     ","0","0"
"2129","PLU2129     ","0","0"
"2130","PLU2130     ","0","0"
"2131","PLU2131     ","0","0"
"2132","PLU2132     ","0","0"
"2133","PLU2133     ","0","0"
"2134","PLU2134     ","0","0"
"2135","PLU2135     ","0","0"
"2136","PLU2136     ","0","0"
"2137","PLU2137     ","0","0"
"2138","PLU2138     ","0","0"
"2139","PLU2139     ","0","0"
"2140","PLU2140     ","0","0"
"2141","PLU2141     ","0","0"
"2142","PLU2142     ","0","0"
"2143","PLU2143     ","0","0"
"2144","PLU2144     ","0","0"
"2145","PLU2145     ","0","0"
"2146","PLU2146     ","0","0"
"2147","PLU2147     ","0","0"
"2148","PLU2148     ","0","0"
"2149","PLU2149     ","0","0"
"2150","PLU2150     ","0","0"
"2151","PLU2151     ","0","0"
"2152","PLU2152     ","0","0"
"2153","PLU2153     ","0","0"
"2154","PLU2154     ","0","0"
"2155","PLU2155     ","0","0"
"2156","PLU2156     ","0","0"
"2157","PLU2157     ","0","0"
"2158","PLU2158     ","0","0"
"2159","PLU2159     ","0","0"
"2160","PLU2160     ","0","0"
"2161","PLU2161     ","0","0"
"2162","PLU2162     ","0","0"
"2163","PLU2163     ","0","0"
"2164","PLU2164     ","0","0"
"2165","PLU2165     ","0","0"
"2166","PLU2166     ","0","0"
"2167","PLU2167     ","0","0"
"2168","PLU2168     ","0","0"
"2169","PLU2169     ","0","0"
"2170","PLU2170     ","0","0"
"2171","PLU2171     ","0","0"
"2172","PLU2172     ","0","0"
"2173","PLU2173     ","0","0"
"2174","PLU2174     ","0","0"
"2175","PLU2175     ","0","0"
"2176","PLU2176     ","0","0"
"2177","PLU2177     ","0","0"
"2178","PLU2178     ","0","0"
"2179","PLU2179     ","0","0"
"2180","PLU2180     ","0","0"
"2181","PLU2181     ","0","0"
"2182","PLU2182     ","0","0"
"2183","PLU2183     ","0","0"
"2184","PLU2184     ","0","0"
"2185","PLU2185     ","0","0"
"2186","PLU2186     ","0","0"
"2187","PLU2187     ","0","0"
"2188","PLU2188     ","0","0"
"2189","PLU2189     ","0","0"
"2190","PLU2190     ","0","0"
"2191","PLU2191     ","0","0"
"2192","PLU2192     ","0","0"
"2193","PLU2193     ","0","0"
"2194","PLU2194     ","0","0"
"2195","PLU2195     ","0","0"
"2196","PLU2196     ","0","0"
"2197","PLU2197     ","0","0"
"2198","PLU2198     ","0","0"
"2199","PLU2199     ","0","0"
"2200","PLU2200     ","0","0"
"2201","PLU2201     ","0","0"
"2202","PLU2202     ","0","0"
"2203","PLU2203     ","0","0"
"2204","PLU2204     ","0","0"
"2205","PLU2205     ","0","0"
"2206","PLU2206     ","0","0"
"2207","PLU2207     ","0","0"
"2208","PLU2208     ","0","0"
"2209","PLU2209     ","0","0"
"2210","PLU2210     ","0","0"
"2211","PLU2211     ","0","0"
"2212","PLU2212     ","0","0"
"2213","PLU2213     ","0","0"
"2214","PLU2214     ","0","0"
"2215","PLU2215     ","0","0"
"2216","PLU2216     ","0","0"
"2217","PLU2217     ","0","0"
"2218","PLU2218     ","0","0"
"2219","PLU2219     ","0","0"
"2220","PLU2220     ","0","0"
"2221","PLU2221     ","0","0"
"2222","PLU2222     ","0","0"
"2223","PLU2223     ","0","0"
"2224","PLU2224     ","0","0"
"2225","PLU2225     ","0","0"
"2226","PLU2226     ","0","0"
"2227","PLU2227     ","0","0"
"2228","PLU2228     ","0","0"
"2229","PLU2229     ","0","0"
"2230","PLU2230     ","0","0"
"2231","PLU2231     ","0","0"
"2232","PLU2232     ","0","0"
"2233","PLU2233     ","0","0"
"2234","PLU2234     ","0","0"
"2235","PLU2235     ","0","0"
"2236","PLU2236     ","0","0"
"2237","PLU2237     ","0","0"
"2238","PLU2238     ","0","0"
"2239","PLU2239     ","0","0"
"2240","PLU2240     ","0","0"
"2241","PLU2241     ","0","0"
"2242","PLU2242     ","0","0"
"2243","PLU2243     ","0","0"
"2244","PLU2244     ","0","0"
"2245","PLU2245     ","0","0"
"2246","PLU2246     ","0","0"
"2247","PLU2247     ","0","0"
"2248","PLU2248     ","0","0"
"2249","PLU2249     ","0","0"
"2250","PLU2250     ","0","0"
"2251","PLU2251     ","0","0"
"2252","PLU2252     ","0","0"
"2253","PLU2253     ","0","0"
"2254","PLU2254     ","0","0"
"2255","PLU2255     ","0","0"
"2256","PLU2256     ","0","0"
"2257","PLU2257     ","0","0"
"2258","PLU2258     ","0","0"
"2259","PLU2259     ","0","0"
"2260","PLU2260     ","0","0"
"2261","PLU2261     ","0","0"
"2262","PLU2262     ","0","0"
"2263","PLU2263     ","0","0"
"2264","PLU2264     ","0","0"
"2265","PLU2265     ","0","0"
"2266","PLU2266     ","0","0"
"2267","PLU2267     ","0","0"
"2268","PLU2268     ","0","0"
"2269","PLU2269     ","0","0"
"2270","PLU2270     ","0","0"
"2271","PLU2271     ","0","0"
"2272","PLU2272     ","0","0"
"2273","PLU2273     ","0","0"
"2274","PLU2274     ","0","0"
"2275","PLU2275     ","0","0"
"2276","PLU2276     ","0","0"
"2277","PLU2277     ","0","0"
"2278","PLU2278     ","0","0"
"2279","PLU2279     ","0","0"
"2280","PLU2280     ","0","0"
"2281","PLU2281     ","0","0"
"2282","PLU2282     ","0","0"
"2283","PLU2283     ","0","0"
"2284","PLU2284     ","0","0"
"2285","PLU2285     ","0","0"
"2286","PLU2286     ","0","0"
"2287","PLU2287     ","0","0"
"2288","PLU2288     ","0","0"
"2289","PLU2289     ","0","0"
"2290","PLU2290     ","0","0"
"2291","PLU2291     ","0","0"
"2292","PLU2292     ","0","0"
"2293","PLU2293     ","0","0"
"2294","PLU2294     ","0","0"
"2295","PLU2295     ","0","0"
"2296","PLU2296     ","0","0"
"2297","PLU2297     ","0","0"
"2298","PLU2298     ","0","0"
"2299","PLU2299     ","0","0"
"2300","PLU2300     ","0","0"
"2301","PLU2301     ","0","0"
"2302","PLU2302     ","0","0"
"2303","PLU2303     ","0","0"
"2304","PLU2304     ","0","0"
"2305","PLU2305     ","0","0"
"2306","PLU2306     ","0","0"
"2307","PLU2307     ","0","0"
"2308","PLU2308     ","0","0"
"2309","PLU2309     ","0","0"
"2310","PLU2310     ","0","0"
"2311","PLU2311     ","0","0"
"2312","PLU2312     ","0","0"
"2313","PLU2313     ","0","0"
"2314","PLU2314     ","0","0"
"2315","PLU2315     ","0","0"
"2316","PLU2316     ","0","0"
"2317","PLU2317     ","0","0"
"2318","PLU2318     ","0","0"
"2319","PLU2319     ","0","0"
"2320","PLU2320     ","0","0"
"2321","PLU2321     ","0","0"
"2322","PLU2322     ","0","0"
"2323","PLU2323     ","0","0"
"2324","PLU2324     ","0","0"
"2325","PLU2325     ","0","0"
"2326","PLU2326     ","0","0"
"2327","PLU2327     ","0","0"
"2328","PLU2328     ","0","0"
"2329","PLU2329     ","0","0"
"2330","PLU2330     ","0","0"
"2331","PLU2331     ","0","0"
"2332","PLU2332     ","0","0"
"2333","PLU2333     ","0","0"
"2334","PLU2334     ","0","0"
"2335","PLU2335     ","0","0"
"2336","PLU2336     ","0","0"
"2337","PLU2337     ","0","0"
"2338","PLU2338     ","0","0"
"2339","PLU2339     ","0","0"
"2340","PLU2340     ","0","0"
"2341","PLU2341     ","0","0"
"2342","PLU2342     ","0","0"
"2343","PLU2343     ","0","0"
"2344","PLU2344     ","0","0"
"2345","PLU2345     ","0","0"
"2346","PLU2346     ","0","0"
"2347","PLU2347     ","0","0"
"2348","PLU2348     ","0","0"
"2349","PLU2349     ","0","0"
"2350","PLU2350     ","0","0"
"2351","PLU2351     ","0","0"
"2352","PLU2352     ","0","0"
"2353","PLU2353     ","0","0"
"2354","PLU2354     ","0","0"
"2355","PLU2355     ","0","0"
"2356","PLU2356     ","0","0"
"2357","PLU2357     ","0","0"
"2358","PLU2358     ","0","0"
"2359","PLU2359     ","0","0"
"2360","PLU2360     ","0","0"
"2361","PLU2361     ","0","0"
"2362","PLU2362     ","0","0"
"2363","PLU2363     ","0","0"
"2364","PLU2364     ","0","0"
"2365","PLU2365     ","0","0"
"2366","PLU2366     ","0","0"
"2367","PLU2367     ","0","0"
"2368","PLU2368     ","0","0"
"2369","PLU2369     ","0","0"
"2370","PLU2370     ","0","0"
"2371","PLU2371     ","0","0"
"2372","PLU2372     ","0","0"
"2373","PLU2373     ","0","0"
"2374","PLU2374     ","0","0"
"2375","PLU2375     ","0","0"
"2376","PLU2376     ","0","0"
"2377","PLU2377     ","0","0"
"2378","PLU2378     ","0","0"
"2379","PLU2379     ","0","0"
"2380","PLU2380     ","0","0"
"2381","PLU2381     ","0","0"
"2382","PLU2382     ","0","0"
"2383","PLU2383     ","0","0"
"2384","PLU2384     ","0","0"
"2385","PLU2385     ","0","0"
"2386","PLU2386     ","0","0"
"2387","PLU2387     ","0","0"
"2388","PLU2388     ","0","0"
"2389","PLU2389     ","0","0"
"2390","PLU2390     ","0","0"
"2391","PLU2391     ","0","0"
"2392","PLU2392     ","0","0"
"2393","PLU2393     ","0","0"
"2394","PLU2394     ","0","0"
"2395","PLU2395     ","0","0"
"2396","PLU2396     ","0","0"
"2397","PLU2397     ","0","0"
"2398","PLU2398     ","0","0"
"2399","PLU2399     ","0","0"
"2400","PLU2400     ","0","0"
"2401","PLU2401     ","0","0"
"2402","PLU2402     ","0","0"
"2403","PLU2403     ","0","0"
"2404","PLU2404     ","0","0"
"2405","PLU2405     ","0","0"
"2406","PLU2406     ","0","0"
"2407","PLU2407     ","0","0"
"2408","PLU2408     ","0","0"
"2409","PLU2409     ","0","0"
"2410","PLU2410     ","0","0"
"2411","PLU2411     ","0","0"
"2412","PLU2412     ","0","0"
"2413","PLU2413     ","0","0"
"2414","PLU2414     ","0","0"
"2415","PLU2415     ","0","0"
"2416","PLU2416     ","0","0"
"2417","PLU2417     ","0","0"
"2418","PLU2418     ","0","0"
"2419","PLU2419     ","0","0"
"2420","PLU2420     ","0","0"
"2421","PLU2421     ","0","0"
"2422","PLU2422     ","0","0"
"2423","PLU2423     ","0","0"
"2424","PLU2424     ","0","0"
"2425","PLU2425     ","0","0"
"2426","PLU2426     ","0","0"
"2427","PLU2427     ","0","0"
"2428","PLU2428     ","0","0"
"2429","PLU2429     ","0","0"
"2430","PLU2430     ","0","0"
"2431","PLU2431     ","0","0"
"2432","PLU2432     ","0","0"
"2433","PLU2433     ","0","0"
"2434","PLU2434     ","0","0"
"2435","PLU2435     ","0","0"
"2436","PLU2436     ","0","0"
"2437","PLU2437     ","0","0"
"2438","PLU2438     ","0","0"
"2439","PLU2439     ","0","0"
"2440","PLU2440     ","0","0"
"2441","PLU2441     ","0","0"
"2442","PLU2442     ","0","0"
"2443","PLU2443     ","0","0"
"2444","PLU2444     ","0","0"
"2445","PLU2445     ","0","0"
"2446","PLU2446     ","0","0"
"2447","PLU2447     ","0","0"
"2448","PLU2448     ","0","0"
"2449","PLU2449     ","0","0"
"2450","PLU2450     ","0","0"
"2451","PLU2451     ","0","0"
"2452","PLU2452     ","0","0"
"2453","PLU2453     ","0","0"
"2454","PLU2454     ","0","0"
"2455","PLU2455     ","0","0"
"2456","PLU2456     ","0","0"
"2457","PLU2457     ","0","0"
"2458","PLU2458     ","0","0"
"2459","PLU2459     ","0","0"
"2460","PLU2460     ","0","0"
"2461","PLU2461     ","0","0"
"2462","PLU2462     ","0","0"
"2463","PLU2463     ","0","0"
"2464","PLU2464     ","0","0"
"2465","PLU2465     ","0","0"
"2466","PLU2466     ","0","0"
"2467","PLU2467     ","0","0"
"2468","PLU2468     ","0","0"
"2469","PLU2469     ","0","0"
"2470","PLU2470     ","0","0"
"2471","PLU2471     ","0","0"
"2472","PLU2472     ","0","0"
"2473","PLU2473     ","0","0"
"2474","PLU2474     ","0","0"
"2475","PLU2475     ","0","0"
"2476","PLU2476     ","0","0"
"2477","PLU2477     ","0","0"
"2478","PLU2478     ","0","0"
"2479","PLU2479     ","0","0"
"2480","PLU2480     ","0","0"
"2481","PLU2481     ","0","0"
"2482","PLU2482     ","0","0"
"2483","PLU2483     ","0","0"
"2484","PLU2484     ","0","0"
"2485","PLU2485     ","0","0"
"2486","PLU2486     ","0","0"
"2487","PLU2487     ","0","0"
"2488","PLU2488     ","0","0"
"2489","PLU2489     ","0","0"
"2490","PLU2490     ","0","0"
"2491","PLU2491     ","0","0"
"2492","PLU2492     ","0","0"
"2493","PLU2493     ","0","0"
"2494","PLU2494     ","0","0"
"2495","PLU2495     ","0","0"
"2496","PLU2496     ","0","0"
"2497","PLU2497     ","0","0"
"2498","PLU2498     ","0","0"
"2499","PLU2499     ","0","0"
"2500","PLU2500     ","0","0"
"2501","PLU2501     ","0","0"
"2502","PLU2502     ","0","0"
"2503","PLU2503     ","0","0"
"2504","PLU2504     ","0","0"
"2505","PLU2505     ","0","0"
"2506","PLU2506     ","0","0"
"2507","PLU2507     ","0","0"
"2508","PLU2508     ","0","0"
"2509","PLU2509     ","0","0"
"2510","PLU2510     ","0","0"
"2511","PLU2511     ","0","0"
"2512","PLU2512     ","0","0"
"2513","PLU2513     ","0","0"
"2514","PLU2514     ","0","0"
"2515","PLU2515     ","0","0"
"2516","PLU2516     ","0","0"
"2517","PLU2517     ","0","0"
"2518","PLU2518     ","0","0"
"2519","PLU2519     ","0","0"
"2520","PLU2520     ","0","0"
"2521","PLU2521     ","0","0"
"2522","PLU2522     ","0","0"
"2523","PLU2523     ","0","0"
"2524","PLU2524     ","0","0"
"2525","PLU2525     ","0","0"
"2526","PLU2526     ","0","0"
"2527","PLU2527     ","0","0"
"2528","PLU2528     ","0","0"
"2529","PLU2529     ","0","0"
"2530","PLU2530     ","0","0"
"2531","PLU2531     ","0","0"
"2532","PLU2532     ","0","0"
"2533","PLU2533     ","0","0"
"2534","PLU2534     ","0","0"
"2535","PLU2535     ","0","0"
"2536","PLU2536     ","0","0"
"2537","PLU2537     ","0","0"
"2538","PLU2538     ","0","0"
"2539","PLU2539     ","0","0"
"2540","PLU2540     ","0","0"
"2541","PLU2541     ","0","0"
"2542","PLU2542     ","0","0"
"2543","PLU2543     ","0","0"
"2544","PLU2544     ","0","0"
"2545","PLU2545     ","0","0"
"2546","PLU2546     ","0","0"
"2547","PLU2547     ","0","0"
"2548","PLU2548     ","0","0"
"2549","PLU2549     ","0","0"
"2550","PLU2550     ","0","0"
"2551","PLU2551     ","0","0"
"2552","PLU2552     ","0","0"
"2553","PLU2553     ","0","0"
"2554","PLU2554     ","0","0"
"2555","PLU2555     ","0","0"
"2556","PLU2556     ","0","0"
"2557","PLU2557     ","0","0"
"2558","PLU2558     ","0","0"
"2559","PLU2559     ","0","0"
"2560","PLU2560     ","0","0"
"2561","PLU2561     ","0","0"
"2562","PLU2562     ","0","0"
"2563","PLU2563     ","0","0"
"2564","PLU2564     ","0","0"
"2565","PLU2565     ","0","0"
"2566","PLU2566     ","0","0"
"2567","PLU2567     ","0","0"
"2568","PLU2568     ","0","0"
"2569","PLU2569     ","0","0"
"2570","PLU2570     ","0","0"
"2571","PLU2571     ","0","0"
"2572","PLU2572     ","0","0"
"2573","PLU2573     ","0","0"
"2574","PLU2574     ","0","0"
"2575","PLU2575     ","0","0"
"2576","PLU2576     ","0","0"
"2577","PLU2577     ","0","0"
"2578","PLU2578     ","0","0"
"2579","PLU2579     ","0","0"
"2580","PLU2580     ","0","0"
"2581","PLU2581     ","0","0"
"2582","PLU2582     ","0","0"
"2583","PLU2583     ","0","0"
"2584","PLU2584     ","0","0"
"2585","PLU2585     ","0","0"
"2586","PLU2586     ","0","0"
"2587","PLU2587     ","0","0"
"2588","PLU2588     ","0","0"
"2589","PLU2589     ","0","0"
"2590","PLU2590     ","0","0"
"2591","PLU2591     ","0","0"
"2592","PLU2592     ","0","0"
"2593","PLU2593     ","0","0"
"2594","PLU2594     ","0","0"
"2595","PLU2595     ","0","0"
"2596","PLU2596     ","0","0"
"2597","PLU2597     ","0","0"
"2598","PLU2598     ","0","0"
"2599","PLU2599     ","0","0"
"2600","PLU2600     ","0","0"
"2601","PLU2601     ","0","0"
"2602","PLU2602     ","0","0"
"2603","PLU2603     ","0","0"
"2604","PLU2604     ","0","0"
"2605","PLU2605     ","0","0"
"2606","PLU2606     ","0","0"
"2607","PLU2607     ","0","0"
"2608","PLU2608     ","0","0"
"2609","PLU2609     ","0","0"
"2610","PLU2610     ","0","0"
"2611","PLU2611     ","0","0"
"2612","PLU2612     ","0","0"
"2613","PLU2613     ","0","0"
"2614","PLU2614     ","0","0"
"2615","PLU2615     ","0","0"
"2616","PLU2616     ","0","0"
"2617","PLU2617     ","0","0"
"2618","PLU2618     ","0","0"
"2619","PLU2619     ","0","0"
"2620","PLU2620     ","0","0"
"2621","PLU2621     ","0","0"
"2622","PLU2622     ","0","0"
"2623","PLU2623     ","0","0"
"2624","PLU2624     ","0","0"
"2625","PLU2625     ","0","0"
"2626","PLU2626     ","0","0"
"2627","PLU2627     ","0","0"
"2628","PLU2628     ","0","0"
"2629","PLU2629     ","0","0"
"2630","PLU2630     ","0","0"
"2631","PLU2631     ","0","0"
"2632","PLU2632     ","0","0"
"2633","PLU2633     ","0","0"
"2634","PLU2634     ","0","0"
"2635","PLU2635     ","0","0"
"2636","PLU2636     ","0","0"
"2637","PLU2637     ","0","0"
"2638","PLU2638     ","0","0"
"2639","PLU2639     ","0","0"
"2640","PLU2640     ","0","0"
"2641","PLU2641     ","0","0"
"2642","PLU2642     ","0","0"
"2643","PLU2643     ","0","0"
"2644","PLU2644     ","0","0"
"2645","PLU2645     ","0","0"
"2646","PLU2646     ","0","0"
"2647","PLU2647     ","0","0"
"2648","PLU2648     ","0","0"
"2649","PLU2649     ","0","0"
"2650","PLU2650     ","0","0"
"2651","PLU2651     ","0","0"
"2652","PLU2652     ","0","0"
"2653","PLU2653     ","0","0"
"2654","PLU2654     ","0","0"
"2655","PLU2655     ","0","0"
"2656","PLU2656     ","0","0"
"2657","PLU2657     ","0","0"
"2658","PLU2658     ","0","0"
"2659","PLU2659     ","0","0"
"2660","PLU2660     ","0","0"
"2661","PLU2661     ","0","0"
"2662","PLU2662     ","0","0"
"2663","PLU2663     ","0","0"
"2664","PLU2664     ","0","0"
"2665","PLU2665     ","0","0"
"2666","PLU2666     ","0","0"
"2667","PLU2667     ","0","0"
"2668","PLU2668     ","0","0"
"2669","PLU2669     ","0","0"
"2670","PLU2670     ","0","0"
"2671","PLU2671     ","0","0"
"2672","PLU2672     ","0","0"
"2673","PLU2673     ","0","0"
"2674","PLU2674     ","0","0"
"2675","PLU2675     ","0","0"
"2676","PLU2676     ","0","0"
"2677","PLU2677     ","0","0"
"2678","PLU2678     ","0","0"
"2679","PLU2679     ","0","0"
"2680","PLU2680     ","0","0"
"2681","PLU2681     ","0","0"
"2682","PLU2682     ","0","0"
"2683","PLU2683     ","0","0"
"2684","PLU2684     ","0","0"
"2685","PLU2685     ","0","0"
"2686","PLU2686     ","0","0"
"2687","PLU2687     ","0","0"
"2688","PLU2688     ","0","0"
"2689","PLU2689     ","0","0"
"2690","PLU2690     ","0","0"
"2691","PLU2691     ","0","0"
"2692","PLU2692     ","0","0"
"2693","PLU2693     ","0","0"
"2694","PLU2694     ","0","0"
"2695","PLU2695     ","0","0"
"2696","PLU2696     ","0","0"
"2697","PLU2697     ","0","0"
"2698","PLU2698     ","0","0"
"2699","PLU2699     ","0","0"
"2700","PLU2700     ","0","0"
"2701","PLU2701     ","0","0"
"2702","PLU2702     ","0","0"
"2703","PLU2703     ","0","0"
"2704","PLU2704     ","0","0"
"2705","PLU2705     ","0","0"
"2706","PLU2706     ","0","0"
"2707","PLU2707     ","0","0"
"2708","PLU2708     ","0","0"
"2709","PLU2709     ","0","0"
"2710","PLU2710     ","0","0"
"2711","PLU2711     ","0","0"
"2712","PLU2712     ","0","0"
"2713","PLU2713     ","0","0"
"2714","PLU2714     ","0","0"
"2715","PLU2715     ","0","0"
"2716","PLU2716     ","0","0"
"2717","PLU2717     ","0","0"
"2718","PLU2718     ","0","0"
"2719","PLU2719     ","0","0"
"2720","PLU2720     ","0","0"
"2721","PLU2721     ","0","0"
"2722","PLU2722     ","0","0"
"2723","PLU2723     ","0","0"
"2724","PLU2724     ","0","0"
"2725","PLU2725     ","0","0"
"2726","PLU2726     ","0","0"
"2727","PLU2727     ","0","0"
"2728","PLU2728     ","0","0"
"2729","PLU2729     ","0","0"
"2730","PLU2730     ","0","0"
"2731","PLU2731     ","0","0"
"2732","PLU2732     ","0","0"
"2733","PLU2733     ","0","0"
"2734","PLU2734     ","0","0"
"2735","PLU2735     ","0","0"
"2736","PLU2736     ","0","0"
"2737","PLU2737     ","0","0"
"2738","PLU2738     ","0","0"
"2739","PLU2739     ","0","0"
"2740","PLU2740     ","0","0"
"2741","PLU2741     ","0","0"
"2742","PLU2742     ","0","0"
"2743","PLU2743     ","0","0"
"2744","PLU2744     ","0","0"
"2745","PLU2745     ","0","0"
"2746","PLU2746     ","0","0"
"2747","PLU2747     ","0","0"
"2748","PLU2748     ","0","0"
"2749","PLU2749     ","0","0"
"2750","PLU2750     ","0","0"
"2751","PLU2751     ","0","0"
"2752","PLU2752     ","0","0"
"2753","PLU2753     ","0","0"
"2754","PLU2754     ","0","0"
"2755","PLU2755     ","0","0"
"2756","PLU2756     ","0","0"
"2757","PLU2757     ","0","0"
"2758","PLU2758     ","0","0"
"2759","PLU2759     ","0","0"
"2760","PLU2760     ","0","0"
"2761","PLU2761     ","0","0"
"2762","PLU2762     ","0","0"
"2763","PLU2763     ","0","0"
"2764","PLU2764     ","0","0"
"2765","PLU2765     ","0","0"
"2766","PLU2766     ","0","0"
"2767","PLU2767     ","0","0"
"2768","PLU2768     ","0","0"
"2769","PLU2769     ","0","0"
"2770","PLU2770     ","0","0"
"2771","PLU2771     ","0","0"
"2772","PLU2772     ","0","0"
"2773","PLU2773     ","0","0"
"2774","PLU2774     ","0","0"
"2775","PLU2775     ","0","0"
"2776","PLU2776     ","0","0"
"2777","PLU2777     ","0","0"
"2778","PLU2778     ","0","0"
"2779","PLU2779     ","0","0"
"2780","PLU2780     ","0","0"
"2781","PLU2781     ","0","0"
"2782","PLU2782     ","0","0"
"2783","PLU2783     ","0","0"
"2784","PLU2784     ","0","0"
"2785","PLU2785     ","0","0"
"2786","PLU2786     ","0","0"
"2787","PLU2787     ","0","0"
"2788","PLU2788     ","0","0"
"2789","PLU2789     ","0","0"
"2790","PLU2790     ","0","0"
"2791","PLU2791     ","0","0"
"2792","PLU2792     ","0","0"
"2793","PLU2793     ","0","0"
"2794","PLU2794     ","0","0"
"2795","PLU2795     ","0","0"
"2796","PLU2796     ","0","0"
"2797","PLU2797     ","0","0"
"2798","PLU2798     ","0","0"
"2799","PLU2799     ","0","0"
"2800","PLU2800     ","0","0"
"2801","PLU2801     ","0","0"
"2802","PLU2802     ","0","0"
"2803","PLU2803     ","0","0"
"2804","PLU2804     ","0","0"
"2805","PLU2805     ","0","0"
"2806","PLU2806     ","0","0"
"2807","PLU2807     ","0","0"
"2808","PLU2808     ","0","0"
"2809","PLU2809     ","0","0"
"2810","PLU2810     ","0","0"
"2811","PLU2811     ","0","0"
"2812","PLU2812     ","0","0"
"2813","PLU2813     ","0","0"
"2814","PLU2814     ","0","0"
"2815","PLU2815     ","0","0"
"2816","PLU2816     ","0","0"
"2817","PLU2817     ","0","0"
"2818","PLU2818     ","0","0"
"2819","PLU2819     ","0","0"
"2820","PLU2820     ","0","0"
"2821","PLU2821     ","0","0"
"2822","PLU2822     ","0","0"
"2823","PLU2823     ","0","0"
"2824","PLU2824     ","0","0"
"2825","PLU2825     ","0","0"
"2826","PLU2826     ","0","0"
"2827","PLU2827     ","0","0"
"2828","PLU2828     ","0","0"
"2829","PLU2829     ","0","0"
"2830","PLU2830     ","0","0"
"2831","PLU2831     ","0","0"
"2832","PLU2832     ","0","0"
"2833","PLU2833     ","0","0"
"2834","PLU2834     ","0","0"
"2835","PLU2835     ","0","0"
"2836","PLU2836     ","0","0"
"2837","PLU2837     ","0","0"
"2838","PLU2838     ","0","0"
"2839","PLU2839     ","0","0"
"2840","PLU2840     ","0","0"
"2841","PLU2841     ","0","0"
"2842","PLU2842     ","0","0"
"2843","PLU2843     ","0","0"
"2844","PLU2844     ","0","0"
"2845","PLU2845     ","0","0"
"2846","PLU2846     ","0","0"
"2847","PLU2847     ","0","0"
"2848","PLU2848     ","0","0"
"2849","PLU2849     ","0","0"
"2850","PLU2850     ","0","0"
"2851","PLU2851     ","0","0"
"2852","PLU2852     ","0","0"
"2853","PLU2853     ","0","0"
"2854","PLU2854     ","0","0"
"2855","PLU2855     ","0","0"
"2856","PLU2856     ","0","0"
"2857","PLU2857     ","0","0"
"2858","PLU2858     ","0","0"
"2859","PLU2859     ","0","0"
"2860","PLU2860     ","0","0"
"2861","PLU2861     ","0","0"
"2862","PLU2862     ","0","0"
"2863","PLU2863     ","0","0"
"2864","PLU2864     ","0","0"
"2865","PLU2865     ","0","0"
"2866","PLU2866     ","0","0"
"2867","PLU2867     ","0","0"
"2868","PLU2868     ","0","0"
"2869","PLU2869     ","0","0"
"2870","PLU2870     ","0","0"
"2871","PLU2871     ","0","0"
"2872","PLU2872     ","0","0"
"2873","PLU2873     ","0","0"
"2874","PLU2874     ","0","0"
"2875","PLU2875     ","0","0"
"2876","PLU2876     ","0","0"
"2877","PLU2877     ","0","0"
"2878","PLU2878     ","0","0"
"2879","PLU2879     ","0","0"
"2880","PLU2880     ","0","0"
"2881","PLU2881     ","0","0"
"2882","PLU2882     ","0","0"
"2883","PLU2883     ","0","0"
"2884","PLU2884     ","0","0"
"2885","PLU2885     ","0","0"
"2886","PLU2886     ","0","0"
"2887","PLU2887     ","0","0"
"2888","PLU2888     ","0","0"
"2889","PLU2889     ","0","0"
"2890","PLU2890     ","0","0"
"2891","PLU2891     ","0","0"
"2892","PLU2892     ","0","0"
"2893","PLU2893     ","0","0"
"2894","PLU2894     ","0","0"
"2895","PLU2895     ","0","0"
"2896","PLU2896     ","0","0"
"2897","PLU2897     ","0","0"
"2898","PLU2898     ","0","0"
"2899","PLU2899     ","0","0"
"2900","PLU2900     ","0","0"
"2901","PLU2901     ","0","0"
"2902","PLU2902     ","0","0"
"2903","PLU2903     ","0","0"
"2904","PLU2904     ","0","0"
"2905","PLU2905     ","0","0"
"2906","PLU2906     ","0","0"
"2907","PLU2907     ","0","0"
"2908","PLU2908     ","0","0"
"2909","PLU2909     ","0","0"
"2910","PLU2910     ","0","0"
"2911","PLU2911     ","0","0"
"2912","PLU2912     ","0","0"
"2913","PLU2913     ","0","0"
"2914","PLU2914     ","0","0"
"2915","PLU2915     ","0","0"
"2916","PLU2916     ","0","0"
"2917","PLU2917     ","0","0"
"2918","PLU2918     ","0","0"
"2919","PLU2919     ","0","0"
"2920","PLU2920     ","0","0"
"2921","PLU2921     ","0","0"
"2922","PLU2922     ","0","0"
"2923","PLU2923     ","0","0"
"2924","PLU2924     ","0","0"
"2925","PLU2925     ","0","0"
"2926","PLU2926     ","0","0"
"2927","PLU2927     ","0","0"
"2928","PLU2928     ","0","0"
"2929","PLU2929     ","0","0"
"2930","PLU2930     ","0","0"
"2931","PLU2931     ","0","0"
"2932","PLU2932     ","0","0"
"2933","PLU2933     ","0","0"
"2934","PLU2934     ","0","0"
"2935","PLU2935     ","0","0"
"2936","PLU2936     ","0","0"
"2937","PLU2937     ","0","0"
"2938","PLU2938     ","0","0"
"2939","PLU2939     ","0","0"
"2940","PLU2940     ","0","0"
"2941","PLU2941     ","0","0"
"2942","PLU2942     ","0","0"
"2943","PLU2943     ","0","0"
"2944","PLU2944     ","0","0"
"2945","PLU2945     ","0","0"
"2946","PLU2946     ","0","0"
"2947","PLU2947     ","0","0"
"2948","PLU2948     ","0","0"
"2949","PLU2949     ","0","0"
"2950","PLU2950     ","0","0"
"2951","PLU2951     ","0","0"
"2952","PLU2952     ","0","0"
"2953","PLU2953     ","0","0"
"2954","PLU2954     ","0","0"
"2955","PLU2955     ","0","0"
"2956","PLU2956     ","0","0"
"2957","PLU2957     ","0","0"
"2958","PLU2958     ","0","0"
"2959","PLU2959     ","0","0"
"2960","PLU2960     ","0","0"
"2961","PLU2961     ","0","0"
"2962","PLU2962     ","0","0"
"2963","PLU2963     ","0","0"
"2964","PLU2964     ","0","0"
"2965","PLU2965     ","0","0"
"2966","PLU2966     ","0","0"
"2967","PLU2967     ","0","0"
"2968","PLU2968     ","0","0"
"2969","PLU2969     ","0","0"
"2970","PLU2970     ","0","0"
"2971","PLU2971     ","0","0"
"2972","PLU2972     ","0","0"
"2973","PLU2973     ","0","0"
"2974","PLU2974     ","0","0"
"2975","PLU2975     ","0","0"
"2976","PLU2976     ","0","0"
"2977","PLU2977     ","0","0"
"2978","PLU2978     ","0","0"
"2979","PLU2979     ","0","0"
"2980","PLU2980     ","0","0"
"2981","PLU2981     ","0","0"
"2982","PLU2982     ","0","0"
"2983","PLU2983     ","0","0"
"2984","PLU2984     ","0","0"
"2985","PLU2985     ","0","0"
"2986","PLU2986     ","0","0"
"2987","PLU2987     ","0","0"
"2988","PLU2988     ","0","0"
"2989","PLU2989     ","0","0"
"2990","PLU2990     ","0","0"
"2991","PLU2991     ","0","0"
"2992","PLU2992     ","0","0"
"2993","PLU2993     ","0","0"
"2994","PLU2994     ","0","0"
"2995","PLU2995     ","0","0"
"2996","PLU2996     ","0","0"
"2997","PLU2997     ","0","0"
"2998","PLU2998     ","0","0"
"2999","PLU2999     ","0","0"
"3000","PLU3000     ","0","0"
